Start Timestamp,Elapsed Time (s),Rounds Played,Score,Total Reward,Loss,BOMB_DROPPED,BOMB_EXPLODED,COIN_COLLECTED,COIN_FOUND,CRATE_DESTROYED,GOT_KILLED,INVALID_ACTION,KILLED_OPPONENT,KILLED_SELF,MOVED_DOWN,MOVED_LEFT,MOVED_RIGHT,MOVED_UP,OPPONENT_ELIMINATED,SURVIVED_ROUND,WAITED,UP,RIGHT,DOWN,LEFT,WAIT
2024-09-10 21:41:40,3.8273708820343018,10,0,-406.92000000010944,1950.7691322098108,0,0,0,0,0,0,249,0,0,691,968,968,710,0,10,424,765,1005,747,1069,424
2024-09-10 21:41:40,7.3934221267700195,10,0,-117.46000000000342,9.984094820545579,0,0,0,0,0,0,129,0,0,976,916,927,957,0,10,105,993,958,1001,953,105
2024-09-10 21:41:40,10.939826965332031,10,0,-144.60000000000906,12.512523217345915,0,0,0,0,0,0,141,0,0,1055,804,843,1043,0,10,124,1071,876,1091,848,124
2024-09-10 21:41:40,14.38598084449768,10,0,-237.47999999997296,8.99006056347207,0,0,0,0,0,0,182,0,0,972,833,856,977,0,10,190,1031,901,1008,880,190
2024-09-10 21:41:40,17.891052961349487,10,0,-140.01999999999214,12.130077756253286,0,0,0,0,0,0,138,0,0,934,935,925,943,0,10,135,978,959,970,968,135
2024-09-10 21:41:40,21.433488845825195,10,0,-111.54000000000582,3.3436653938418885,0,0,0,0,0,0,125,0,0,1007,877,867,1013,0,10,121,1036,899,1034,920,121
2024-09-10 21:41:40,25.08446478843689,10,0,-170.49999999999238,11.496127371433374,0,0,0,0,0,0,148,0,0,838,1003,1012,802,0,10,207,839,1048,877,1039,207
2024-09-10 21:41:40,28.934988021850586,10,0,-111.89999999999768,4.705184870331209,0,0,0,0,0,0,126,0,0,1007,894,908,966,0,10,109,1002,943,1032,924,109
2024-09-10 21:41:40,32.58335590362549,10,0,-170.11999999999352,6.395271460882071,0,0,0,0,0,0,152,0,0,1049,819,806,1038,0,10,146,1071,851,1076,866,146
2024-09-10 21:41:40,36.26716899871826,10,0,-137.48000000000474,2.475896359392138,0,0,0,0,0,0,136,0,0,892,960,965,911,0,10,146,952,1012,921,979,146
2024-09-10 21:41:40,39.90026593208313,10,0,-173.09999999999116,1.9187231447245097,0,0,0,0,0,0,156,0,0,927,938,960,920,0,10,109,950,995,973,983,109
2024-09-10 21:41:40,43.361407995224,10,0,-205.93999999998164,2.3213048262365277,0,0,0,0,0,0,171,0,0,850,1006,990,868,0,10,125,918,1031,893,1043,125
2024-09-10 21:41:40,47.21696996688843,10,0,-201.51999999996576,1.5393679051532558,0,0,0,0,0,0,170,0,0,957,903,913,959,0,10,108,999,952,990,961,108
2024-09-10 21:41:40,50.82249093055725,10,0,-133.68000000001052,5.646325154634866,0,0,0,0,0,0,134,0,0,1059,784,826,1059,0,10,148,1097,858,1088,819,148
2024-09-10 21:41:40,54.336670875549316,10,0,-185.3799999999674,6.853466293522615,0,0,0,0,0,0,159,0,0,880,937,952,929,0,10,153,966,996,915,980,153
2024-09-10 21:41:40,57.97778391838074,10,0,-105.300000000004,0.5052319042092677,0,0,0,0,0,0,124,0,0,821,1065,1062,847,0,10,91,882,1093,859,1085,91
2024-09-10 21:41:40,61.61501383781433,10,0,-144.87999999998482,4.289201968400128,0,0,0,0,0,0,141,0,0,977,858,891,1017,0,10,126,1051,923,1012,898,126
2024-09-10 21:41:40,65.5363597869873,10,0,-155.19999999999874,7.327323356999365,0,0,0,0,0,0,144,0,0,1037,822,825,1026,0,10,156,1059,869,1070,856,156
2024-09-10 21:41:40,69.28101706504822,10,0,-101.28000000001299,1.4210524632078574,0,0,0,0,0,0,121,0,0,922,951,963,947,0,10,106,988,979,951,986,106
2024-09-10 21:41:40,73.19999384880066,10,0,-196.4599999999748,0.9117010007104369,0,0,0,0,0,0,168,0,0,846,1055,1003,837,0,10,101,877,1049,886,1097,101
2024-09-10 21:41:40,76.94985914230347,10,0,-125.200000000009,0.8198438633819762,0,0,0,0,0,0,133,0,0,966,907,921,981,0,10,102,1009,950,1011,938,102
2024-09-10 21:41:40,81.02766394615173,10,0,-134.81999999999124,1.960293508769805,0,0,0,0,0,0,136,0,0,1024,865,831,1027,0,10,127,1073,854,1060,896,127
2024-09-10 21:41:40,84.61383390426636,10,0,-115.56000000000606,1.3281092067298488,0,0,0,0,0,0,128,0,0,888,976,986,926,0,10,106,962,1015,917,1010,106
2024-09-10 21:41:40,88.2250440120697,10,0,-104.46000000000653,0.9188183884848513,0,0,0,0,0,0,124,0,0,904,984,1004,909,0,10,85,936,1046,941,1002,85
2024-09-10 21:41:40,92.016921043396,10,0,-143.78000000000117,0.3700656958630546,0,0,0,0,0,0,143,0,0,966,932,933,947,0,10,89,975,977,1004,965,89
2024-09-10 21:41:40,95.50792074203491,10,0,-151.13999999999353,2.1661537203036545,0,0,0,0,0,0,144,0,0,825,1062,1018,834,0,10,127,876,1055,866,1086,127
2024-09-10 21:41:40,99.2459089756012,10,0,-140.35999999998916,3.140535753540746,0,0,0,0,0,0,137,0,0,878,1019,987,837,0,10,152,878,1020,917,1043,152
2024-09-10 21:41:40,103.24172806739807,10,0,-153.1399999999847,0.9951704888229713,0,0,0,0,0,0,148,0,0,940,948,947,944,0,10,83,987,978,981,981,83
2024-09-10 21:41:40,107.1074149608612,10,0,-144.39999999999702,1.7311495454548407,0,0,0,0,0,0,142,0,0,997,885,876,1002,0,10,108,1042,903,1034,923,108
2024-09-10 21:41:40,110.69514298439026,10,0,-172.31999999998493,2.0376378655515097,0,0,0,0,0,0,155,0,0,986,872,874,1005,0,10,118,1044,921,1014,913,118
2024-09-10 21:41:40,114.21861100196838,10,0,-72.23999999999477,1.5252036462876362,0,0,0,0,0,0,108,0,0,842,1060,1071,841,0,10,88,873,1098,867,1084,88
2024-09-10 21:41:40,118.37170791625977,10,0,-138.08000000001036,0.9351908499445827,0,0,0,0,0,0,140,0,0,879,1006,1012,881,0,10,92,912,1044,917,1045,92
2024-09-10 21:41:40,122.22693490982056,10,0,-141.6600000000057,0.9389625944609694,0,0,0,0,0,0,141,0,0,869,1010,986,901,0,10,103,946,1011,903,1047,103
2024-09-10 21:41:40,126.0783281326294,10,0,-164.51999999999478,1.3376343023498638,0,0,0,0,0,0,152,0,0,969,907,921,955,0,10,106,988,956,1011,949,106
2024-09-10 21:41:40,129.80955481529236,10,0,-121.90000000000938,0.7714107730177986,0,0,0,0,0,0,132,0,0,956,932,934,963,0,10,93,997,965,991,964,93
2024-09-10 21:41:40,133.66242790222168,10,0,-124.78000000000296,1.3720603350484772,0,0,0,0,0,0,133,0,0,861,1007,1009,901,0,10,99,935,1028,906,1042,99
2024-09-10 21:41:40,137.48031091690063,10,0,-99.68000000000526,0.5231207695180835,0,0,0,0,0,0,122,0,0,1072,829,840,1067,0,10,80,1105,865,1097,863,80
2024-09-10 21:41:40,141.56222796440125,10,0,-126.86000000000821,5.061290747552196,0,0,0,0,0,0,131,0,0,1090,783,785,1078,0,10,143,1106,818,1116,827,143
2024-09-10 21:41:40,145.5721468925476,10,0,-182.3399999999687,0.23283229075862266,0,0,0,0,0,0,163,0,0,997,906,880,991,0,10,73,1032,917,1032,956,73
2024-09-10 21:41:40,149.63709783554077,10,0,-109.64000000000635,2.4086737842549795,0,0,0,0,0,0,124,0,0,870,1018,1016,860,0,10,122,898,1047,899,1044,122
2024-09-10 21:41:40,153.6051321029663,10,0,-169.29999999998716,1.8285639406276744,0,0,0,0,0,0,154,0,0,1096,778,759,1112,0,10,111,1152,792,1135,820,111
2024-09-10 21:41:40,157.66274785995483,10,0,-118.10000000000989,1.2135514030439936,0,0,0,0,0,0,130,0,0,893,1025,991,876,0,10,95,916,1016,921,1062,95
2024-09-10 21:41:40,161.55511093139648,10,0,-176.0599999999937,0.9933506160996828,0,0,0,0,0,0,158,0,0,941,926,932,952,0,10,101,983,973,982,971,101
2024-09-10 21:41:40,165.45906591415405,10,0,-116.42000000000833,0.23195474936640892,0,0,0,0,0,0,130,0,0,1041,858,851,1047,0,10,83,1072,888,1079,888,83
2024-09-10 21:41:40,169.5909161567688,10,0,-176.33999999998713,1.430208847294196,0,0,0,0,0,0,158,0,0,848,1019,1040,842,0,10,103,884,1078,889,1056,103
2024-09-10 21:41:40,173.7789068222046,10,0,-123.66000000001048,1.7094893898567705,0,0,0,0,0,0,133,0,0,828,1057,1045,856,0,10,91,891,1081,861,1086,91
2024-09-10 21:41:40,177.52426600456238,10,0,-145.67999999999532,0.48016136095322537,0,0,0,0,0,0,144,0,0,981,885,926,986,0,10,88,1012,969,1018,923,88
2024-09-10 21:41:40,181.36782312393188,10,0,-160.57999999998236,0.7438805136629476,0,0,0,0,0,0,150,0,0,1042,818,828,1065,0,10,107,1098,865,1075,865,107
2024-09-10 21:41:40,184.96123909950256,10,0,-119.1400000000102,1.3013016137562268,0,0,0,0,0,0,129,0,0,1015,846,870,1033,0,10,117,1064,906,1044,879,117
2024-09-10 21:41:40,189.15905570983887,10,0,-141.10000000000545,1.4174072791629015,0,0,0,0,0,0,141,0,0,935,926,944,965,0,10,99,1013,980,965,953,99
2024-09-10 21:41:40,193.00500392913818,10,0,-161.41999999999933,3.370901390602114,0,0,0,0,0,0,150,0,0,1036,861,830,1020,0,10,113,1071,854,1075,897,113
2024-09-10 21:41:40,196.57477593421936,10,0,-144.38000000000682,1.3401932136359278,0,0,0,0,0,0,140,0,0,1051,845,806,1031,0,10,137,1058,835,1091,889,137
2024-09-10 21:41:40,199.9457688331604,10,0,-171.43999999998704,0.8332823217488112,0,0,0,0,0,0,151,0,0,931,930,931,897,0,10,170,935,959,974,972,170
2024-09-10 21:41:40,203.58767199516296,10,0,-140.54000000000826,1.5792360794917215,0,0,0,0,0,0,141,0,0,893,1013,991,877,0,10,95,912,1020,924,1059,95
2024-09-10 21:41:40,207.8593258857727,10,0,-117.32000000000653,0.8515501783401618,0,0,0,0,0,0,129,0,0,889,1009,1004,875,0,10,104,910,1040,917,1039,104
2024-09-10 21:41:40,211.8529999256134,10,0,-131.92000000001565,2.382889300566447,0,0,0,0,0,0,133,0,0,735,1130,1143,719,0,10,150,759,1170,774,1157,150
2024-09-10 21:41:40,215.68996715545654,10,0,-153.47999999999274,1.2242056831448949,0,0,0,0,0,0,147,0,0,1006,876,891,990,0,10,100,1023,936,1041,910,100
2024-09-10 21:41:40,219.29176092147827,10,0,-192.71999999998962,2.0084997031868568,0,0,0,0,0,0,165,0,0,922,965,952,888,0,10,118,929,979,969,1015,118
2024-09-10 21:41:40,222.7580690383911,10,0,-155.23999999999998,1.0542115492363564,0,0,0,0,0,0,148,0,0,987,916,885,976,0,10,98,1007,921,1028,956,98
2024-09-10 21:41:40,226.1614248752594,10,0,-159.07999999999652,5.170762986928537,0,0,0,0,0,0,147,0,0,878,989,975,881,0,10,140,911,1017,920,1022,140
2024-09-10 21:41:40,229.79440784454346,10,0,-166.65999999998212,0.4943598819497339,0,0,0,0,0,0,156,0,0,984,911,904,992,0,10,63,1029,949,1017,952,63
2024-09-10 21:41:40,233.21439790725708,10,0,-167.39999999999486,1.5479675311747343,0,0,0,0,0,0,153,0,0,774,1091,1095,785,0,10,112,829,1123,815,1131,112
2024-09-10 21:41:40,236.64064002037048,10,0,-216.0199999999603,0.5958904839956674,0,0,0,0,0,0,178,0,0,887,969,996,885,0,10,95,929,1039,942,1005,95
2024-09-10 21:41:40,240.18309712409973,10,0,-118.660000000002,1.470491590877991,0,0,0,0,0,0,130,0,0,967,935,931,948,0,10,99,973,964,1004,970,99
2024-09-10 21:41:40,243.69082593917847,10,0,-172.39999999998753,3.8300166204547637,0,0,0,0,0,0,156,0,0,968,893,922,967,0,10,104,1007,967,1001,931,104
2024-09-10 21:41:40,247.09408473968506,10,0,-152.15999999999218,0.13522624544330597,0,0,0,0,0,0,148,0,0,857,1051,1040,838,0,10,76,881,1080,893,1080,76
2024-09-10 21:41:40,250.88312602043152,10,0,-145.87999999999798,6.255130033553655,0,0,0,0,0,0,143,0,0,1019,877,863,1004,0,10,104,1032,898,1069,907,104
2024-09-10 21:41:40,254.45826983451843,10,0,-105.58000000000888,0.554126683475431,0,0,0,0,0,0,124,0,0,970,929,902,992,0,10,93,1023,934,995,965,93
2024-09-10 21:41:40,258.35161900520325,10,0,-120.92000000000189,1.2757052640754125,0,0,0,0,0,0,132,0,0,957,935,927,973,0,10,86,1005,947,999,973,86
2024-09-10 21:41:40,261.89136481285095,10,0,-154.63999999997299,3.633847882942632,0,0,0,0,0,0,144,0,0,861,973,988,892,0,10,152,933,1023,901,1001,152
2024-09-10 21:41:40,266.13287711143494,10,0,-154.37999999999062,2.705027614903571,0,0,0,0,0,0,146,0,0,956,907,913,967,0,10,121,999,956,981,953,121
2024-09-10 21:41:40,269.6093120574951,10,0,-205.75999999997788,0.518882575074997,0,0,0,0,0,0,174,0,0,895,988,1011,862,0,10,80,904,1050,939,1037,80
2024-09-10 21:41:40,273.6933717727661,10,0,-165.21999999999122,2.896095438447219,0,0,0,0,0,0,152,0,0,716,1154,1147,730,0,10,111,772,1169,773,1185,111
2024-09-10 21:41:40,277.1258318424225,10,0,-162.27999999998718,0.3230009696543874,0,0,0,0,0,0,152,0,0,1018,871,850,1029,0,10,90,1070,890,1044,916,90
2024-09-10 21:41:40,280.9430899620056,10,0,-153.41999999999126,0.7872809913895793,0,0,0,0,0,0,148,0,0,924,983,979,891,0,10,85,932,1020,955,1018,85
2024-09-10 21:41:40,284.5185480117798,10,0,-143.70000000000286,1.2915213983957017,0,0,0,0,0,0,142,0,0,794,1104,1098,769,0,10,103,804,1136,833,1134,103
2024-09-10 21:41:40,288.6292269229889,10,0,-138.42000000000382,1.0562447802708235,0,0,0,0,0,0,139,0,0,905,983,964,910,0,10,109,952,1001,937,1011,109
2024-09-10 21:41:40,292.1844730377197,10,0,-156.37999999998993,0.5808807377025573,0,0,0,0,0,0,150,0,0,898,967,990,928,0,10,77,981,1018,935,999,77
2024-09-10 21:41:40,295.65820479393005,10,0,-98.09999999999994,3.0682682883203007,0,0,0,0,0,0,118,0,0,962,921,957,925,0,10,127,954,993,993,943,127
2024-09-10 21:41:40,299.13775300979614,10,0,-160.65999999999582,0.6096631074803156,0,0,0,0,0,0,151,0,0,885,993,990,898,0,10,93,947,1018,919,1033,93
2024-09-10 21:41:40,302.666366815567,10,0,-165.07999999998748,0.6325880788450462,0,0,0,0,0,0,152,0,0,939,934,946,929,0,10,110,982,986,968,964,110
2024-09-10 21:41:40,306.2459099292755,10,0,-138.84000000000714,3.2072588283141386,0,0,0,0,0,0,139,0,0,1013,865,877,1004,0,10,112,1037,914,1047,900,112
2024-09-10 21:41:40,309.71785283088684,10,0,-134.36000000000604,0.24003538316478057,0,0,0,0,0,0,139,0,0,1008,897,883,1003,0,10,80,1040,919,1040,931,80
2024-09-10 21:41:40,313.6668107509613,10,0,-133.1399999999991,1.730612844528281,0,0,0,0,0,0,136,0,0,1235,652,649,1223,0,10,115,1256,697,1256,686,115
2024-09-10 21:41:40,317.09579706192017,10,0,-111.42000000000931,0.4743562388983378,0,0,0,0,0,0,127,0,0,878,1048,1009,857,0,10,91,902,1022,919,1076,91
2024-09-10 21:41:40,320.73933386802673,10,0,-154.03999999999593,0.9208346214448682,0,0,0,0,0,0,147,0,0,1090,793,799,1077,0,10,104,1119,842,1120,825,104
2024-09-10 21:41:40,324.5636179447174,10,0,-168.53999999999093,0.7599325185075543,0,0,0,0,0,0,155,0,0,958,924,931,951,0,10,91,988,971,992,968,91
2024-09-10 21:41:40,328.4935657978058,10,0,-142.24000000000132,0.2047828543410617,0,0,0,0,0,0,143,0,0,983,934,929,943,0,10,78,977,973,1015,967,78
2024-09-10 21:41:40,332.70188784599304,10,0,-196.03999999997671,1.0628164723312494,0,0,0,0,0,0,168,0,0,1126,757,747,1114,0,10,98,1161,786,1162,803,98
2024-09-10 21:41:40,336.509801864624,10,0,-175.2199999999942,0.6527686514319555,0,0,0,0,0,0,158,0,0,975,896,902,984,0,10,95,1026,947,1002,940,95
2024-09-10 21:41:40,340.5819630622864,10,0,-114.24000000000282,0.2568581622832795,0,0,0,0,0,0,129,0,0,953,940,903,1003,0,10,82,1038,931,990,969,82
2024-09-10 21:41:40,344.10997796058655,10,0,-167.61999999998463,0.8360745562850553,0,0,0,0,0,0,154,0,0,876,1013,987,881,0,10,99,924,1018,915,1054,99
2024-09-10 21:41:40,349.0140700340271,10,0,-200.39999999998844,1.358915385872976,0,0,0,0,0,0,170,0,0,885,982,996,877,0,10,100,923,1048,921,1018,100
2024-09-10 21:41:40,353.17444896698,10,0,-128.72000000001182,0.6342027765120832,0,0,0,0,0,0,135,0,0,972,917,879,1009,0,10,98,1050,903,1000,959,98
2024-09-10 21:41:40,357.31229281425476,10,0,-164.2999999999923,1.1258961668329164,0,0,0,0,0,0,151,0,0,1037,826,810,1067,0,10,119,1108,858,1069,856,119
2024-09-10 21:41:40,361.5829758644104,10,0,-95.66000000000557,0.7289150126467803,0,0,0,0,0,0,119,0,0,941,936,934,985,0,10,95,1020,965,962,968,95
2024-09-10 21:41:40,365.85604596138,10,0,-156.81999999999235,2.624409602127926,0,0,0,0,0,0,145,0,0,1235,622,606,1249,0,10,153,1266,640,1263,688,153
2024-09-10 21:41:40,369.56976294517517,10,0,-144.56000000000014,0.35096178409797574,0,0,0,0,0,0,144,0,0,910,972,989,915,0,10,80,947,1025,945,1013,80
2024-09-10 21:41:40,373.1118609905243,10,0,-166.71999999998974,0.70705467280834,0,0,0,0,0,0,155,0,0,741,1164,1130,742,0,10,78,785,1168,784,1195,78
2024-09-10 21:41:40,376.7293050289154,10,0,-153.8399999999897,0.799327080248375,0,0,0,0,0,0,148,0,0,1052,840,819,1063,0,10,88,1088,863,1078,893,88
2024-09-10 21:41:40,381.41619396209717,10,0,-166.6999999999815,1.4129079548522583,0,0,0,0,0,0,153,0,0,773,1108,1102,767,0,10,107,804,1143,809,1147,107
2024-09-10 21:41:40,385.8419408798218,10,0,-151.29999999998705,0.2658808045313563,0,0,0,0,0,0,146,0,0,783,1100,1075,807,0,10,99,841,1104,829,1137,99
2024-09-10 21:41:40,391.46399784088135,10,0,-114.50000000000374,3.445093747473834,0,0,0,0,0,0,127,0,0,1026,878,849,1017,0,10,113,1057,880,1054,906,113
2024-09-10 21:41:40,396.5676519870758,10,0,-88.00000000000163,0.016598414627310376,0,0,0,0,0,0,116,0,0,1118,812,790,1090,0,10,84,1108,823,1149,846,84
2024-09-10 21:41:40,401.04508996009827,10,0,-110.66000000000953,1.3414811264926527,0,0,0,0,0,0,128,0,0,872,1040,1028,871,0,10,71,898,1064,904,1073,71
2024-09-10 21:41:40,405.4130938053131,10,0,-117.68000000000661,0.20250984617808854,0,0,0,0,0,0,130,0,0,855,1052,1064,817,0,10,92,855,1095,889,1079,92
2024-09-10 21:41:40,409.84554076194763,10,0,-125.64000000000976,1.294222909695094,0,0,0,0,0,0,135,0,0,872,1027,1027,873,0,10,76,907,1052,909,1066,76
2024-09-10 21:41:40,414.7814667224884,10,0,-141.11999999999844,0.3185670413294588,0,0,0,0,0,0,143,0,0,988,938,915,956,0,10,70,981,951,1032,976,70
2024-09-10 21:41:40,419.29052996635437,10,0,-117.90000000001383,0.7029915480302407,0,0,0,0,0,0,131,0,0,936,989,958,917,0,10,79,954,991,971,1015,79
2024-09-10 21:41:40,423.7660610675812,10,0,-135.8400000000006,0.8329818245842517,0,0,0,0,0,0,140,0,0,927,974,960,933,0,10,76,960,997,963,1014,76
2024-09-10 21:41:40,428.09803009033203,10,0,-161.69999999998475,2.123366307647675,0,0,0,0,0,0,150,0,0,815,1061,1070,799,0,10,115,849,1104,847,1095,115
2024-09-10 21:41:40,433.2539258003235,10,0,-169.51999999997918,0.19949586714692202,0,0,0,0,0,0,155,0,0,1024,857,863,1013,0,10,98,1043,900,1063,906,98
2024-09-10 21:41:40,437.5568461418152,10,0,-154.53999999999417,0.4929181420500157,0,0,0,0,0,0,148,0,0,849,1046,1016,858,0,10,93,903,1052,887,1075,93
2024-09-10 21:41:40,442.31173610687256,10,0,-148.56000000000546,0.447276730205445,0,0,0,0,0,0,145,0,0,998,885,896,992,0,10,94,1036,927,1036,917,94
2024-09-10 21:41:40,447.1022777557373,10,0,-118.38000000000223,0.29331944999825055,0,0,0,0,0,0,130,0,0,1019,860,884,1020,0,10,97,1040,912,1059,902,97
2024-09-10 21:41:40,452.20439076423645,10,0,-125.22000000001209,0.39767460858574566,0,0,0,0,0,0,135,0,0,1008,901,858,1035,0,10,73,1066,899,1042,930,73
2024-09-10 21:41:40,456.6857237815857,10,0,-173.11999999999318,0.4068463945728986,0,0,0,0,0,0,158,0,0,896,995,977,904,0,10,80,943,1002,947,1038,80
2024-09-10 21:41:40,461.4299418926239,10,0,-165.5199999999728,1.4318899419746458,0,0,0,0,0,0,154,0,0,879,1009,1011,873,0,10,84,915,1044,919,1048,84
2024-09-10 21:41:40,466.0208797454834,10,0,-179.01999999998256,0.9559500644870695,0,0,0,0,0,0,160,0,0,938,943,960,916,0,10,93,951,1003,988,975,93
2024-09-10 21:41:40,470.403972864151,10,0,-122.68000000000706,0.33066671882990306,0,0,0,0,0,0,133,0,0,890,1021,1023,859,0,10,84,886,1055,929,1056,84
2024-09-10 21:41:40,475.07779693603516,10,0,-170.43999999997533,0.8111332011544903,0,0,0,0,0,0,156,0,0,845,1041,1049,829,0,10,90,861,1090,889,1080,90
2024-09-10 21:41:40,479.9318447113037,10,0,-150.59999999999494,0.18074984266517902,0,0,0,0,0,0,146,0,0,981,895,935,959,0,10,94,997,966,1025,928,94
2024-09-10 21:41:40,485.2420859336853,10,0,-128.52000000000828,0.45903026915472367,0,0,0,0,0,0,136,0,0,1033,876,860,1023,0,10,82,1056,886,1077,909,82
2024-09-10 21:41:40,490.2834949493408,10,0,-136.40000000000913,0.18584351771184338,0,0,0,0,0,0,140,0,0,922,976,951,941,0,10,80,975,980,964,1011,80
2024-09-10 21:41:40,494.8494760990143,10,0,-137.8000000000032,0.2848420439723611,0,0,0,0,0,0,140,0,0,979,918,924,959,0,10,90,998,966,1005,951,90
2024-09-10 21:41:40,499.18721890449524,10,0,-151.8799999999968,0.442546151253179,0,0,0,0,0,0,148,0,0,1002,906,880,1000,0,10,74,1041,923,1029,943,74
2024-09-10 21:41:40,503.672739982605,10,0,-159.53999999999266,0.31857627890239115,0,0,0,0,0,0,151,0,0,944,950,967,913,0,10,85,950,1001,990,984,85
2024-09-10 21:41:40,508.16226506233215,10,0,-130.5600000000028,0.47077592228308873,0,0,0,0,0,0,137,0,0,998,890,913,990,0,10,82,1025,941,1032,930,82
2024-09-10 21:41:40,512.8274240493774,10,0,-122.40000000000988,0.150218248170507,0,0,0,0,0,0,133,0,0,1016,871,895,1013,0,10,82,1047,930,1048,903,82
2024-09-10 21:41:40,517.5294439792633,10,0,-144.42000000000672,0.3723276924334371,0,0,0,0,0,0,144,0,0,1012,888,901,986,0,10,79,1022,942,1044,923,79
2024-09-10 21:41:40,522.0644521713257,10,0,-151.37999999999866,0.17553583681560525,0,0,0,0,0,0,147,0,0,955,925,916,982,0,10,85,1024,947,994,960,85
2024-09-10 21:41:40,526.7043828964233,10,0,-123.3200000000094,0.3983616233120273,0,0,0,0,0,0,134,0,0,1001,909,906,986,0,10,74,1014,937,1036,949,74
2024-09-10 21:41:40,530.979710817337,10,0,-170.4999999999897,0.22933580092076156,0,0,0,0,0,0,155,0,0,849,1010,1023,868,0,10,105,900,1053,895,1057,105
2024-09-10 21:41:40,535.2989449501038,10,0,-189.63999999998558,0.5913188302445249,0,0,0,0,0,0,165,0,0,897,991,975,886,0,10,96,919,1017,935,1043,96
2024-09-10 21:41:40,539.8565728664398,10,0,-111.9200000000078,0.1384493537573519,0,0,0,0,0,0,128,0,0,974,912,939,977,0,10,80,1012,973,998,947,80
2024-09-10 21:41:40,544.9995038509369,10,0,-194.85999999998214,0.2578919024081898,0,0,0,0,0,0,169,0,0,999,898,902,967,0,10,75,1007,941,1040,947,75
2024-09-10 21:41:40,550.5904259681702,10,0,-128.74000000001126,0.4497402392297474,0,0,0,0,0,0,137,0,0,999,910,921,974,0,10,69,1003,953,1034,951,69
2024-09-10 21:41:40,556.6130759716034,10,0,-124.86000000000489,0.13197332726954158,0,0,0,0,0,0,134,0,0,944,938,935,974,0,10,85,1011,971,975,968,85
2024-09-10 21:41:40,562.3352069854736,10,0,-114.02000000000761,0.4207951614278045,0,0,0,0,0,0,128,0,0,1019,890,876,1002,0,10,95,1029,902,1054,930,95
2024-09-10 21:41:40,567.0214741230011,10,0,-138.1200000000006,1.754414677107519,0,0,0,0,0,0,137,0,0,747,1127,1123,740,0,10,136,783,1146,795,1150,136
2024-09-10 21:41:40,572.1661050319672,10,0,-139.63999999998134,0.06547533143958617,0,0,0,0,0,0,142,0,0,932,952,963,947,0,10,74,986,1003,965,982,74
2024-09-10 21:41:40,576.9011478424072,10,0,-148.36000000000223,0.5727887497050546,0,0,0,0,0,0,146,0,0,1068,829,855,1034,0,10,78,1060,899,1101,872,78
2024-09-10 21:41:40,581.996465921402,10,0,-179.7399999999776,0.13606899509797543,0,0,0,0,0,0,162,0,0,795,1111,1074,799,0,10,69,839,1121,822,1159,69
2024-09-10 21:41:40,587.3987629413605,10,0,-133.1599999999941,0.3140586996294559,0,0,0,0,0,0,138,0,0,805,1125,1082,774,0,10,86,820,1107,844,1153,86
2024-09-10 21:41:40,592.7310981750488,10,0,-147.43999999999212,0.17361457920964796,0,0,0,0,0,0,145,0,0,926,952,968,933,0,10,86,980,1002,967,975,86
2024-09-10 21:41:40,597.4378170967102,10,0,-164.45999999999123,0.303808980092402,0,0,0,0,0,0,153,0,0,1067,820,812,1067,0,10,91,1096,847,1099,877,91
2024-09-10 21:41:40,602.1320428848267,10,0,-133.30000000000376,0.24860289106315037,0,0,0,0,0,0,138,0,0,990,901,899,995,0,10,87,1023,927,1031,942,87
2024-09-10 21:41:40,607.0704689025879,10,0,-158.2799999999969,0.21211379829985333,0,0,0,0,0,0,151,0,0,889,996,1039,859,0,10,76,910,1068,924,1032,76
2024-09-10 21:41:40,611.7875037193298,10,0,-124.78000000001475,0.1260030689386369,0,0,0,0,0,0,133,0,0,851,1036,1014,877,0,10,99,914,1051,884,1062,99
2024-09-10 21:41:40,616.5719318389893,10,0,-196.6199999999697,0.3475522306299439,0,0,0,0,0,0,170,0,0,1064,821,834,1048,0,10,73,1099,873,1094,871,73
2024-09-10 21:41:40,621.1910388469696,10,0,-151.45999999999617,0.19045394653642944,0,0,0,0,0,0,148,0,0,958,958,955,920,0,10,71,962,989,990,998,71
2024-09-10 21:41:40,626.3312418460846,10,0,-123.32000000000727,0.14291121007400953,0,0,0,0,0,0,134,0,0,928,968,980,926,0,10,74,959,1020,963,994,74
2024-09-10 21:41:40,630.8403699398041,10,0,-115.06000000000293,0.3818102549340594,0,0,0,0,0,0,127,0,0,917,970,939,940,0,10,117,975,969,959,990,117
2024-09-10 21:41:40,635.3871459960938,10,0,-128.38000000000716,1.3670502560631164,0,0,0,0,0,0,136,0,0,998,913,912,970,0,10,81,1006,942,1033,948,81
2024-09-10 21:41:40,639.8840460777283,10,0,-115.72000000000045,0.0839809404887717,0,0,0,0,0,0,130,0,0,972,949,918,963,0,10,78,1004,944,995,989,78
2024-09-10 21:41:40,644.3389508724213,10,0,-189.2199999999745,1.7308063204209674,0,0,0,0,0,0,165,0,0,928,954,939,931,0,10,93,971,983,959,1004,93
2024-09-10 21:41:40,648.7700438499451,10,0,-131.76000000001397,0.25873639691702977,0,0,0,0,0,0,138,0,0,1031,857,872,1036,0,10,76,1056,925,1058,895,76
2024-09-10 21:41:40,653.1537730693817,10,0,-139.35999999999683,0.29006399336888933,0,0,0,0,0,0,142,0,0,953,940,938,965,0,10,72,1007,966,985,980,72
2024-09-10 21:41:40,657.6246418952942,10,0,-152.65999999998573,0.3570722087847926,0,0,0,0,0,0,149,0,0,878,1009,991,918,0,10,65,961,1023,924,1037,65
2024-09-10 21:41:40,661.9677801132202,10,0,-108.26000000000712,0.15571937955093773,0,0,0,0,0,0,126,0,0,937,932,981,951,0,10,83,980,1013,972,962,83
2024-09-10 21:41:40,666.4653718471527,10,0,-142.75999999999732,0.859283669169443,0,0,0,0,0,0,139,0,0,951,920,915,945,0,10,140,978,947,1000,945,140
2024-09-10 21:41:40,670.8225388526917,10,0,-129.72000000000742,0.10438712366199354,0,0,0,0,0,0,137,0,0,985,927,915,970,0,10,76,998,952,1029,955,76
2024-09-10 21:41:40,675.3184239864349,10,0,-161.43999999997772,0.3009323336693086,0,0,0,0,0,0,152,0,0,1050,809,840,1075,0,10,84,1116,872,1085,853,84
2024-09-10 21:41:40,679.913382768631,10,0,-144.75999999999846,0.4700605007433154,0,0,0,0,0,0,143,0,0,928,935,945,963,0,10,96,991,987,967,969,96
2024-09-10 21:41:40,684.2750079631805,10,0,-150.16000000000005,0.5716391600381954,0,0,0,0,0,0,144,0,0,945,928,944,929,0,10,120,961,978,990,961,120
2024-09-10 21:41:40,688.8497018814087,10,0,-145.95999999999816,0.6960494208517076,0,0,0,0,0,0,144,0,0,947,932,949,948,0,10,90,981,983,985,971,90
2024-09-10 21:41:40,693.8423528671265,10,0,-176.27999999998784,0.1849636435322708,0,0,0,0,0,0,159,0,0,1013,876,889,985,0,10,88,1017,932,1049,924,88
2024-09-10 21:41:40,698.3259990215302,10,0,-136.96000000000004,0.2807607834721324,0,0,0,0,0,0,140,0,0,776,1107,1122,781,0,10,84,826,1165,808,1127,84
2024-09-10 21:41:40,702.8498077392578,10,0,-114.94000000000622,0.713027111867941,0,0,0,0,0,0,129,0,0,953,952,956,933,0,10,87,963,984,982,994,87
2024-09-10 21:41:40,707.2423219680786,10,0,-114.52000000001004,0.10919255283095453,0,0,0,0,0,0,129,0,0,983,906,928,980,0,10,84,1015,962,1008,941,84
2024-09-10 21:41:40,711.7909188270569,10,0,-141.81999999999937,0.23800216035184718,0,0,0,0,0,0,143,0,0,941,973,959,919,0,10,75,952,990,987,1006,75
2024-09-10 21:41:40,716.6158819198608,10,0,-179.9199999999832,0.8165230488045978,0,0,0,0,0,0,159,0,0,862,999,998,878,0,10,114,928,1031,906,1031,114
2024-09-10 21:41:40,721.5553588867188,10,0,-130.84000000000665,0.13345773891043677,0,0,0,0,0,0,137,0,0,846,1030,1039,874,0,10,84,912,1065,886,1063,84
2024-09-10 21:41:40,726.5746479034424,10,0,-165.15999999999207,0.21064113434061227,0,0,0,0,0,0,153,0,0,868,1019,1009,865,0,10,96,902,1051,903,1058,96
2024-09-10 21:41:40,732.5566980838776,10,0,-107.56000000001382,0.3676080422857879,0,0,0,0,0,0,126,0,0,1019,906,871,1010,0,10,78,1045,904,1052,931,78
2024-09-10 21:41:40,737.9900679588318,10,0,-144.55999999999614,0.31989579050879513,0,0,0,0,0,0,144,0,0,994,902,906,984,0,10,80,1015,941,1037,937,80
2024-09-10 21:41:40,743.3776187896729,10,0,-114.66000000001381,0.3954342784753244,0,0,0,0,0,0,129,0,0,930,971,987,908,0,10,85,952,1022,955,996,85
2024-09-10 21:41:40,748.3878977298737,10,0,-149.69999999999732,0.15459737459133294,0,0,0,0,0,0,147,0,0,950,967,970,903,0,10,73,950,997,988,1002,73
2024-09-10 21:41:40,753.6373388767242,10,0,-187.87999999999167,0.7079669647917939,0,0,0,0,0,0,164,0,0,874,1002,986,886,0,10,98,923,1031,923,1035,98
2024-09-10 21:41:40,758.6476438045502,10,0,-119.74000000001213,0.1450103744210267,0,0,0,0,0,0,133,0,0,943,1018,962,891,0,10,63,925,991,985,1046,63
2024-09-10 21:41:40,764.0891671180725,10,0,-138.29999999999146,0.2720370049199836,0,0,0,0,0,0,141,0,0,955,939,950,946,0,10,79,974,991,991,975,79
2024-09-10 21:41:40,768.9056539535522,10,0,-161.99999999999565,0.4268172039562259,0,0,0,0,0,0,152,0,0,856,1036,1031,847,0,10,88,895,1065,895,1067,88
2024-09-10 21:41:40,773.844820022583,10,0,-120.36000000000547,0.25427687280168954,0,0,0,0,0,0,132,0,0,962,914,933,987,0,10,82,1020,974,995,939,82
2024-09-10 21:41:40,778.619971036911,10,0,-154.0599999999928,0.5116712182097558,0,0,0,0,0,0,149,0,0,866,1028,1047,845,0,10,75,880,1091,910,1054,75
2024-09-10 21:41:40,783.829302072525,10,0,-136.24000000001396,1.178756762964106,0,0,0,0,0,0,138,0,0,979,912,895,978,0,10,108,1012,926,1016,948,108
2024-09-10 21:41:40,788.6372747421265,10,0,-132.46000000000402,0.07215661599614975,0,0,0,0,0,0,138,0,0,936,968,944,943,0,10,81,980,978,976,995,81
2024-09-10 21:41:40,793.3518347740173,10,0,-124.40000000000589,7.753160559610706,0,0,0,0,0,0,130,0,0,1098,774,749,1119,0,10,140,1145,772,1127,826,140
2024-09-10 21:41:40,798.3822379112244,10,0,-156.93999999999602,0.10944916951754635,0,0,0,0,0,0,150,0,0,919,982,999,879,0,10,81,917,1034,958,1020,81
2024-09-10 21:41:40,803.4740619659424,10,0,-176.01999999997565,0.2534862964308289,0,0,0,0,0,0,161,0,0,908,991,985,908,0,10,57,948,1021,951,1033,57
2024-09-10 21:41:40,808.4436941146851,10,0,-139.34000000000998,0.5525682918330475,0,0,0,0,0,0,140,0,0,866,1017,1019,867,0,10,101,905,1055,899,1050,101
2024-09-10 21:41:40,813.1802639961243,10,0,-159.81999999999758,0.3368202929299251,0,0,0,0,0,0,151,0,0,892,992,1013,875,0,10,87,924,1046,927,1026,87
2024-09-10 21:41:40,817.9682459831238,10,0,-131.40000000000168,0.3184386317890535,0,0,0,0,0,0,137,0,0,933,973,964,915,0,10,88,952,998,976,996,88
2024-09-10 21:41:40,822.7362329959869,10,0,-166.97999999998567,1.2572968382972256,0,0,0,0,0,0,153,0,0,997,864,896,991,0,10,109,1030,940,1034,897,109
2024-09-10 21:41:40,827.7677049636841,10,0,-190.77999999997905,0.22713566777725447,0,0,0,0,0,0,167,0,0,995,881,897,995,0,10,75,1026,942,1039,928,75
2024-09-10 21:41:40,832.5868327617645,10,0,-176.21999999997416,0.19941521615443492,0,0,0,0,0,0,160,0,0,944,941,940,952,0,10,73,991,984,980,982,73
2024-09-10 21:41:40,837.408802986145,10,0,-164.9599999999857,0.2946956197752346,0,0,0,0,0,0,154,0,0,848,1043,1027,858,0,10,80,903,1059,888,1080,80
2024-09-10 21:41:40,842.1264860630035,10,0,-119.52000000000746,0.2773629574405909,0,0,0,0,0,0,132,0,0,1023,854,908,1017,0,10,76,1050,948,1049,887,76
2024-09-10 21:41:40,847.263158082962,10,0,-79.89999999999725,0.4064529322827841,0,0,0,0,0,0,111,0,0,884,1021,1036,859,0,10,99,885,1066,911,1049,99
2024-09-10 21:41:40,852.5134830474854,10,0,-128.18000000000885,0.8326397264684573,0,0,0,0,0,0,137,0,0,871,1027,1039,871,0,10,65,904,1071,909,1061,65
2024-09-10 21:41:40,856.454488992691,10,0,-80.95999999999924,0.21383895991653645,0,0,0,0,0,0,112,0,0,972,939,949,946,0,10,92,975,968,1004,971,92
