Start Timestamp,Elapsed Time (s),Rounds Played,Score,Total Reward,Loss,BOILING,BOMB_DROPPED,BOMB_EXPLODED,COIN_COLLECTED,COIN_FOUND,COOL,CRATE_DESTROYED,FRESHENED_UP,GOT_KILLED,HOT,INVALID_ACTION,KILLED_OPPONENT,KILLED_SELF,MOVED_DOWN,MOVED_LEFT,MOVED_RIGHT,MOVED_UP,OPPONENT_ELIMINATED,SURVIVED_ROUND,WAITED,WARM,UP,RIGHT,DOWN,LEFT,WAIT,BOMB
2024-09-15 19:29:00,0.574232816696167,10,5,-115.96000000000016,25.89648654870689,3,16,16,47,0,0,0,9,10,4,141,0,10,80,137,98,41,0,0,31,16,45,118,112,213,31,25
2024-09-15 19:29:00,0.7461960315704346,10,6,-127.88000000000055,12.084527485072613,1,13,13,35,0,0,0,6,10,1,36,0,10,69,26,11,22,0,0,2,13,23,14,89,31,2,20
2024-09-15 19:29:00,0.9042329788208008,10,4,-131.68000000000052,13.972737234085798,1,12,12,31,0,0,0,6,10,2,17,0,10,60,29,17,47,0,0,1,12,47,18,63,31,1,23
2024-09-15 19:29:00,1.0135471820831299,10,2,-130.08000000000033,9.470772955566645,0,13,13,33,0,0,0,6,10,1,21,0,10,41,16,10,21,0,0,2,13,22,11,48,25,2,16
2024-09-15 19:29:00,1.096890926361084,10,6,-150.3199999999997,8.091136515140533,0,12,12,23,0,0,0,3,10,0,13,0,10,18,14,12,23,0,0,0,12,24,18,20,14,0,16
2024-09-15 19:29:00,1.269153118133545,10,8,-99.96000000000059,19.087404679507017,0,23,23,45,0,0,0,14,10,0,29,0,10,69,17,28,27,0,0,1,23,29,34,72,20,1,38
2024-09-15 19:29:00,1.3431010246276855,10,0,-176.6799999999999,8.391314290463924,4,11,11,14,0,0,0,1,10,4,29,0,10,12,10,16,5,0,0,1,11,5,17,14,11,1,36
2024-09-15 19:29:00,1.407127857208252,10,0,-180.00000000000009,21.03783017396927,6,11,11,14,0,0,0,1,10,6,34,0,10,13,6,4,2,0,0,1,11,2,4,13,6,1,45
2024-09-15 19:29:00,1.4508180618286133,10,0,-204.48000000000002,167.31405279040337,9,10,10,4,0,0,0,0,10,10,35,0,10,0,2,0,1,0,0,2,10,1,0,1,2,2,44
2024-09-15 19:29:00,1.5105340480804443,10,0,-207.64000000000001,1137.256017446518,10,10,10,3,0,0,0,0,10,10,41,0,10,0,14,0,0,0,0,1,10,0,0,0,16,1,49
2024-09-15 19:29:00,1.573599100112915,10,0,-198.07999999999996,1677.299608707428,9,10,10,7,0,0,0,0,10,9,38,0,10,1,14,1,2,0,0,6,10,3,1,2,14,6,46
2024-09-15 19:29:00,1.6231019496917725,10,0,-200.8399999999999,2566.1754207611084,7,10,10,5,0,0,0,0,10,8,36,0,10,4,4,1,0,0,0,0,10,0,2,5,4,0,44
2024-09-15 19:29:00,1.6681880950927734,10,0,-206.68,5409.8043384552,9,10,10,3,0,0,0,0,10,9,38,0,10,0,3,0,0,0,0,0,10,2,0,0,3,0,46
2024-09-15 19:29:00,1.7125840187072754,10,0,-203.28,6211.080463409424,10,10,10,5,0,0,0,0,10,10,37,0,10,1,0,0,2,0,0,0,10,2,0,3,0,0,45
2024-09-15 19:29:00,1.7569019794464111,10,0,-208.00000000000003,18555.118057250977,10,10,10,3,0,0,0,0,10,10,40,0,10,0,0,0,0,0,0,0,10,0,0,0,0,0,50
2024-09-15 19:29:00,1.8047749996185303,10,0,-203.20000000000002,21181.13606262207,10,10,10,5,0,0,0,0,10,10,37,0,10,3,1,0,1,0,0,1,10,1,0,3,1,1,47
2024-09-15 19:29:00,1.8489930629730225,10,0,-207.19999999999993,50500.26202392578,8,10,10,2,0,0,0,0,10,9,33,0,10,1,0,4,0,0,0,2,10,0,4,1,0,2,43
2024-09-15 19:29:00,1.9007060527801514,10,0,-207.87999999999997,78723.69525146484,9,10,10,2,0,0,0,0,10,9,35,0,10,2,4,1,1,0,0,2,10,2,1,2,4,2,44
2024-09-15 19:29:00,1.9535109996795654,10,0,-208.84000000000003,113207.85260009766,9,10,10,2,0,0,0,0,10,10,37,0,10,3,0,0,1,0,0,0,10,1,1,3,0,0,46
2024-09-15 19:29:00,2.0085201263427734,10,0,-209.76000000000005,172590.9190673828,10,10,10,2,0,0,0,0,10,10,39,0,10,0,0,1,0,0,0,1,10,0,2,2,0,1,46
2024-09-15 19:29:00,2.0584988594055176,10,0,-207.56,340912.98278808594,10,10,10,3,0,0,0,0,10,10,38,0,10,1,0,0,0,0,0,2,10,1,1,2,0,2,45
2024-09-15 19:29:00,2.108551025390625,10,0,-208.0,467885.99609375,10,10,10,3,0,0,0,0,10,10,40,0,10,0,0,0,0,0,0,1,10,1,1,0,0,1,48
2024-09-15 19:29:00,2.1541049480438232,10,0,-204.4399999999999,702009.3427734375,9,10,10,4,0,0,0,0,10,9,37,0,10,2,0,2,0,0,0,0,10,0,2,2,0,0,47
2024-09-15 19:29:00,2.2016820907592773,10,0,-210.16,1303530.8227539062,10,10,10,2,0,0,0,0,10,10,41,0,10,0,0,1,0,0,0,0,10,0,1,2,0,0,49
2024-09-15 19:29:00,2.2461020946502686,10,0,-199.20000000000007,1265680.5737304688,8,10,10,6,0,0,0,0,10,8,35,0,10,0,5,0,0,0,0,0,10,0,0,0,7,0,43
2024-09-15 19:29:00,2.29349684715271,10,1,-203.15999999999994,1701245.9599609375,9,10,10,5,0,0,0,0,10,9,40,0,10,0,0,0,1,0,0,0,10,1,1,0,0,0,49
2024-09-15 19:29:00,2.3427951335906982,10,0,-209.36,2794873.4560546875,9,10,10,2,0,0,0,0,10,10,39,0,10,0,0,0,1,0,0,1,10,1,0,2,0,1,47
2024-09-15 19:29:00,2.392883062362671,10,0,-202.52,4514897.0546875,9,10,10,5,0,0,0,0,10,9,37,0,10,0,1,0,1,0,0,2,10,1,0,0,1,2,47
2024-09-15 19:29:00,2.4402220249176025,10,0,-209.60000000000002,4897640.1640625,10,10,10,2,0,0,0,0,10,10,38,0,10,0,0,0,0,0,0,2,10,0,0,0,0,2,48
2024-09-15 19:29:00,2.4904110431671143,10,1,-206.00000000000003,6090610.70703125,10,10,10,4,0,0,0,0,10,10,40,0,10,0,0,0,0,0,0,0,10,0,0,0,0,0,50
2024-09-15 19:29:00,2.5453951358795166,10,0,-208.00000000000003,8157284.3984375,10,10,10,3,0,0,0,0,10,10,40,0,10,0,0,0,0,0,0,0,10,0,0,1,0,0,49
2024-09-15 19:29:00,2.60707688331604,10,1,-202.0399999999999,11360569.8984375,8,10,10,5,0,0,0,0,10,9,37,0,10,4,0,0,0,0,0,2,10,0,1,5,1,2,44
2024-09-15 19:29:00,2.6577959060668945,10,0,-206.9599999999999,16425026.2578125,9,10,10,3,0,0,0,0,10,10,37,0,10,0,0,0,1,0,0,3,10,1,1,0,1,3,45
2024-09-15 19:29:00,2.7020559310913086,10,0,-204.00000000000003,20592800.2421875,10,10,10,5,0,0,0,0,10,10,40,0,10,0,0,0,0,0,0,0,10,1,0,0,1,0,48
2024-09-15 19:29:00,2.7513370513916016,10,0,-203.76000000000005,24665236.96875,10,10,10,5,0,0,0,0,10,10,39,0,10,0,0,1,0,0,0,1,10,0,1,0,0,1,49
2024-09-15 19:29:00,2.7999470233917236,10,0,-208.19999999999996,36825786.015625,10,10,10,3,0,0,0,0,10,10,41,0,10,0,0,0,0,0,0,1,10,1,2,0,1,1,47
2024-09-15 19:29:00,2.847382068634033,10,1,-203.67999999999998,41703705.5,10,10,10,5,0,0,0,0,10,10,39,0,10,0,1,2,0,0,0,0,10,1,2,0,2,0,47
2024-09-15 19:29:00,2.8960039615631104,10,0,-205.76000000000002,54305141.078125,10,10,10,4,0,0,0,0,10,10,39,0,10,1,0,0,0,0,0,1,10,0,1,2,0,1,47
2024-09-15 19:29:00,2.947138786315918,10,0,-204.03999999999996,57266773.28125,8,10,10,4,0,0,0,0,10,9,37,0,10,1,1,2,0,0,0,0,10,0,3,1,1,0,46
2024-09-15 19:29:00,2.994960069656372,10,0,-203.36000000000004,78158288.0625,7,10,10,4,0,0,0,0,10,10,34,0,10,2,2,2,0,0,0,0,10,0,3,2,2,0,43
2024-09-15 19:29:00,3.043001890182495,10,0,-211.11999999999995,89186028.6875,9,10,10,1,0,0,0,0,10,9,40,0,10,0,0,1,1,0,0,0,10,1,2,2,0,0,47
2024-09-15 19:29:00,3.0872230529785156,10,0,-207.32000000000002,112331445.4375,10,10,10,3,0,0,0,0,10,10,37,0,10,0,1,0,1,0,0,1,10,3,1,1,1,1,43
2024-09-15 19:29:00,3.1342999935150146,10,0,-207.76000000000002,136843679.625,10,10,10,3,0,0,0,0,10,10,39,0,10,0,0,1,0,0,0,0,10,1,1,0,0,0,48
2024-09-15 19:29:00,3.1795220375061035,10,0,-206.2400000000001,200218972.0,8,10,10,3,0,0,0,0,10,10,36,0,10,2,0,1,1,0,0,1,10,1,2,2,0,1,45
2024-09-15 19:29:00,3.2233591079711914,10,0,-207.60000000000002,195588709.375,10,10,10,3,0,0,0,0,10,10,38,0,10,0,0,0,0,0,0,2,10,1,1,2,0,2,44
2024-09-15 19:29:00,3.2693369388580322,10,0,-208.96,237344838.625,9,10,10,2,0,0,0,0,10,9,39,0,10,0,0,0,1,0,0,1,10,1,0,1,0,1,48
2024-09-15 19:29:00,3.3167409896850586,10,0,-213.72000000000003,344103768.625,10,10,10,0,0,0,0,0,10,10,39,0,10,0,1,1,0,0,0,1,10,2,2,0,1,1,46
2024-09-15 19:29:00,3.3657119274139404,10,0,-211.64000000000004,385272248.0,10,10,10,1,0,0,0,0,10,10,39,0,10,3,0,1,0,0,0,0,10,2,2,3,0,0,46
2024-09-15 19:29:00,3.4096930027008057,10,1,-204.67999999999998,366627150.0,9,10,10,4,0,0,0,0,10,10,36,0,10,2,0,0,1,0,0,1,10,2,0,3,0,1,44
2024-09-15 19:29:00,3.4552230834960938,10,0,-207.52000000000004,526277950.25,10,10,10,3,0,0,0,0,10,10,38,0,10,1,0,0,1,0,0,1,10,1,0,1,1,1,47
2024-09-15 19:29:00,3.5003390312194824,10,0,-209.96,612606304.0,10,10,10,2,0,0,0,0,10,10,40,0,10,0,0,1,0,0,0,1,10,0,1,0,0,1,50
2024-09-15 19:29:00,3.5493240356445312,10,0,-205.80000000000004,637515830.0,10,10,10,4,0,0,0,0,10,10,39,0,10,0,0,0,0,0,0,1,10,0,2,0,0,1,47
2024-09-15 19:29:00,3.593942165374756,10,0,-209.76,737594065.5,10,10,10,2,0,0,0,0,10,10,39,0,10,0,1,0,0,0,0,1,10,0,0,0,1,1,49
2024-09-15 19:29:00,3.639490842819214,10,0,-208.88000000000005,843766662.5,9,10,10,2,0,0,0,0,10,10,37,0,10,1,1,1,0,0,0,1,10,1,1,1,1,1,46
2024-09-15 19:29:00,3.683732032775879,10,2,-200.71999999999994,965466827.0,9,10,10,6,0,0,0,0,10,9,38,0,10,0,2,0,0,0,0,1,10,0,0,0,3,1,47
2024-09-15 19:29:00,3.729184150695801,10,0,-206.71999999999994,1096248810.0,9,10,10,3,0,0,0,0,10,9,38,0,10,0,2,0,0,0,0,1,10,0,0,0,3,1,47
2024-09-15 19:29:00,3.773627996444702,10,0,-204.47999999999996,1303429466.5,9,10,10,4,0,0,0,0,10,10,35,0,10,2,0,1,0,0,0,2,10,1,1,2,0,2,44
2024-09-15 19:29:00,3.81797194480896,10,0,-207.8,1558400978.0,10,10,10,3,0,0,0,0,10,10,39,0,10,0,0,0,0,0,0,2,10,0,0,1,1,2,47
2024-09-15 19:29:00,3.862833023071289,10,1,-200.51999999999995,1890134155.0,9,10,10,6,0,0,0,0,10,9,37,0,10,1,0,1,0,0,0,1,10,0,1,2,0,1,46
2024-09-15 19:29:00,3.906325101852417,10,0,-213.56,2092872152.0,10,10,10,0,0,0,0,0,10,10,38,0,10,1,0,0,0,0,0,1,10,0,1,1,0,1,47
2024-09-15 19:29:00,3.951895236968994,10,1,-206.00000000000003,2435006920.0,10,10,10,4,0,0,0,0,10,10,40,0,10,0,0,0,0,0,0,1,10,1,0,1,0,1,48
2024-09-15 19:29:00,3.9993691444396973,10,2,-202.35999999999999,2434941568.0,10,10,10,6,0,0,0,0,10,10,42,0,10,1,0,0,0,0,0,1,10,2,2,1,2,1,46
2024-09-15 19:29:00,4.045616865158081,10,0,-206.55999999999992,3028431574.0,9,10,10,3,0,0,0,0,10,9,37,0,10,0,0,0,1,0,0,3,10,2,0,0,0,3,46
2024-09-15 19:29:00,4.089620113372803,10,0,-205.32000000000005,3228601808.0,10,10,10,4,0,0,0,0,10,10,37,0,10,1,1,0,0,0,0,1,10,0,0,1,1,1,47
2024-09-15 19:29:00,4.134093999862671,10,0,-209.08000000000007,3061369424.0,9,10,10,2,0,0,0,0,10,10,38,0,10,2,0,0,1,0,0,0,10,1,1,2,1,0,46
2024-09-15 19:29:00,4.17901611328125,10,0,-204.72000000000003,4194327556.0,9,10,10,4,0,0,0,0,10,9,38,0,10,0,1,1,0,0,0,0,10,1,1,1,3,0,44
2024-09-15 19:29:00,4.2223289012908936,10,0,-206.00000000000003,4154202534.0,10,10,10,4,0,0,0,0,10,10,40,0,10,0,0,0,0,0,0,0,10,0,1,0,0,0,49
2024-09-15 19:29:00,4.267946004867554,10,0,-203.60000000000005,5641461712.0,10,10,10,5,0,0,0,0,10,10,38,0,10,0,0,0,0,0,0,3,10,0,0,2,0,3,46
2024-09-15 19:29:00,4.311575174331665,10,0,-211.12,5030084676.0,9,10,10,1,0,0,0,0,10,10,38,0,10,2,0,0,0,0,0,0,10,1,0,2,3,0,44
2024-09-15 19:29:00,4.359500885009766,10,0,-207.28000000000003,8297823132.0,10,10,10,3,0,0,0,0,10,10,37,0,10,1,2,0,0,0,0,4,10,0,1,2,3,4,44
2024-09-15 19:29:00,4.40404486656189,10,0,-207.63999999999993,7659317652.0,7,10,10,2,0,0,0,0,10,9,37,0,10,0,2,1,1,0,0,0,10,1,1,1,4,0,44
2024-09-15 19:29:00,4.447568893432617,10,1,-197.48000000000005,8144148196.0,8,10,10,7,0,0,0,0,10,8,36,0,10,2,0,0,1,0,0,1,10,1,0,3,1,1,44
2024-09-15 19:29:00,4.4937660694122314,10,0,-206.48000000000002,8304698868.0,9,10,10,3,0,0,0,0,10,9,37,0,10,2,0,0,1,0,0,0,10,1,0,2,0,0,47
2024-09-15 19:29:00,4.578920125961304,10,1,-196.52,11197274904.0,8,10,10,8,0,0,0,0,10,10,37,0,10,0,0,2,0,0,0,2,10,0,3,0,1,2,45
2024-09-15 19:29:00,4.689453840255737,10,0,-207.36,9682357752.0,9,10,10,3,0,0,0,0,10,10,39,0,10,0,0,1,0,0,0,0,10,0,1,1,0,0,48
2024-09-15 19:29:00,4.751837968826294,10,0,-202.72,9698024168.0,9,10,10,5,0,0,0,0,10,10,36,0,10,0,1,1,0,0,0,3,10,1,1,0,1,3,45
2024-09-15 19:29:00,4.798817157745361,10,0,-205.60000000000002,11762181264.0,10,10,10,4,0,0,0,0,10,10,38,0,10,0,0,0,0,0,0,2,10,0,1,0,0,2,47
2024-09-15 19:29:00,4.843952894210815,10,0,-204.72000000000006,14198131600.0,9,10,10,4,0,0,0,0,10,9,38,0,10,2,0,0,0,0,0,1,10,1,0,4,0,1,45
2024-09-15 19:29:00,4.889438152313232,10,1,-201.52,14008383992.0,10,10,10,6,0,0,0,0,10,10,38,0,10,1,0,0,1,0,0,0,10,2,1,1,0,0,46
2024-09-15 19:29:00,4.9335761070251465,10,0,-202.96000000000004,15965208376.0,9,10,10,5,0,0,0,0,10,9,39,0,10,0,0,1,0,0,0,0,10,1,1,1,1,0,46
2024-09-15 19:29:00,4.9814229011535645,10,0,-204.75999999999993,17711375744.0,9,10,10,4,0,0,0,0,10,9,38,0,10,0,0,0,1,0,0,3,10,3,1,0,0,3,45
2024-09-15 19:29:00,5.027541160583496,10,0,-211.52000000000004,21495682520.0,10,10,10,1,0,0,0,0,10,10,38,0,10,1,0,1,0,0,0,0,10,0,1,1,2,0,46
2024-09-15 19:29:00,5.072242021560669,10,0,-203.36,22373280496.0,9,10,10,5,0,0,0,0,10,10,39,0,10,0,0,0,1,0,0,0,10,1,1,0,0,0,48
2024-09-15 19:29:00,5.117879152297974,10,1,-205.76,26500296560.0,10,10,10,4,0,0,0,0,10,10,39,0,10,0,1,0,0,0,0,0,10,1,0,0,1,0,48
2024-09-15 19:29:00,5.161145925521851,10,0,-207.12,22959775840.0,9,10,10,3,0,0,0,0,10,10,38,0,10,2,0,0,0,0,0,0,10,2,1,3,0,0,44
2024-09-15 19:29:00,5.206712961196899,10,0,-207.76000000000002,32529846144.0,10,10,10,3,0,0,0,0,10,10,39,0,10,1,0,0,0,0,0,1,10,0,0,1,0,1,49
2024-09-15 19:29:00,5.2503581047058105,10,0,-204.72000000000003,26100888784.0,9,10,10,4,0,0,0,0,10,9,38,0,10,0,2,0,0,0,0,0,10,0,0,0,2,0,48
2024-09-15 19:29:00,5.296171188354492,10,1,-211.60000000000008,34072028000.0,10,10,10,1,0,0,0,0,10,10,38,0,10,0,0,0,0,0,0,3,10,0,1,0,0,3,47
2024-09-15 19:29:00,5.339446067810059,10,1,-199.52000000000004,39113344208.0,10,10,10,7,0,0,0,0,10,10,38,0,10,1,0,0,1,0,0,0,10,1,0,1,1,0,47
2024-09-15 19:29:00,5.383642911911011,10,0,-207.12,36412744016.0,9,10,10,3,0,0,0,0,10,10,38,0,10,0,0,1,1,0,0,0,10,1,1,0,0,0,48
2024-09-15 19:29:00,5.428544044494629,10,0,-199.55999999999997,48345910976.0,10,10,10,7,0,0,0,0,10,10,38,0,10,0,0,0,1,0,0,2,10,1,0,1,0,2,47
2024-09-15 19:29:00,5.472296953201294,10,0,-205.35999999999999,38935856288.0,10,10,10,4,0,0,0,0,10,10,37,0,10,0,1,0,0,0,0,2,10,0,0,2,1,2,45
2024-09-15 19:29:00,5.517884969711304,10,1,-202.76000000000005,53846764672.0,9,10,10,5,0,0,0,0,10,9,38,0,10,0,0,1,0,0,0,2,10,1,1,2,0,2,45
2024-09-15 19:29:00,5.56184720993042,10,1,-211.08,50877816896.0,10,10,10,1,0,0,0,0,10,10,36,0,10,0,1,1,1,0,0,1,10,1,1,1,1,1,45
2024-09-15 19:29:00,5.606701850891113,10,0,-213.12000000000003,55080569504.0,9,10,10,0,0,0,0,0,10,10,38,0,10,0,1,0,1,0,0,0,10,3,2,0,1,0,44
2024-09-15 19:29:00,5.650572061538696,10,1,-207.55999999999997,69042062912.0,10,10,10,3,0,0,0,0,10,10,38,0,10,0,1,0,0,0,0,2,10,1,1,0,1,2,46
2024-09-15 19:29:00,5.694555044174194,10,1,-209.52,61417349952.0,10,10,10,2,0,0,0,0,10,10,38,0,10,0,0,0,2,0,0,0,10,2,1,1,0,0,46
2024-09-15 19:29:00,5.738729000091553,10,0,-202.47999999999996,76846709728.0,8,10,10,5,0,0,0,0,10,10,37,0,10,1,1,1,0,0,0,1,10,0,2,1,1,1,46
2024-09-15 19:29:00,5.78209114074707,10,0,-209.36,78457092928.0,9,10,10,2,0,0,0,0,10,10,39,0,10,0,0,1,0,0,0,0,10,0,1,1,1,0,47
2024-09-15 19:29:00,5.828610897064209,10,0,-209.96,96475947872.0,10,10,10,2,0,0,0,0,10,10,40,0,10,0,1,0,0,0,0,1,10,2,1,0,2,1,46
2024-09-15 19:29:00,5.872672080993652,10,0,-207.72,90675182720.0,10,10,10,3,0,0,0,0,10,10,39,0,10,1,0,0,1,0,0,0,10,1,0,1,0,0,49
2024-09-15 19:29:00,5.918851852416992,10,1,-206.12,100347728320.0,9,10,10,3,0,0,0,0,10,9,35,0,10,0,2,0,0,0,0,3,10,0,0,0,2,3,45
2024-09-15 19:29:00,5.973473072052002,10,1,-203.36000000000004,114890160192.0,9,10,10,5,0,0,0,0,10,10,39,0,10,1,0,0,0,0,0,1,10,2,0,2,1,1,45
2024-09-15 19:29:00,6.046511888504028,10,0,-212.20000000000002,95819497152.0,10,10,10,1,0,0,0,0,10,10,41,0,10,0,0,0,0,0,0,0,10,2,1,0,1,0,47
2024-09-15 19:29:00,6.112756013870239,10,0,-210.00000000000003,110390416576.0,10,10,10,2,0,0,0,0,10,10,40,0,10,0,0,0,0,0,0,0,10,0,0,0,1,0,49
2024-09-15 19:29:00,6.170486211776733,10,0,-208.87999999999997,154350815232.0,9,10,10,2,0,0,0,0,10,10,37,0,10,3,0,0,0,0,0,0,10,0,0,3,1,0,46
2024-09-15 19:29:00,6.2240588665008545,10,1,-206.27999999999994,135255078784.0,9,10,10,3,0,0,0,0,10,9,36,0,10,1,0,0,2,0,0,2,10,3,0,1,0,2,45
2024-09-15 19:29:00,6.280971050262451,10,1,-209.76000000000002,141434868800.0,10,10,10,2,0,0,0,0,10,10,39,0,10,1,0,0,0,0,0,0,10,0,0,2,0,0,48
2024-09-15 19:29:00,6.343564033508301,10,0,-205.76000000000002,172653308032.0,10,10,10,4,0,0,0,0,10,10,39,0,10,0,0,1,0,0,0,0,10,0,1,1,1,0,47
2024-09-15 19:29:00,6.407151937484741,10,0,-208.07999999999998,176231898368.0,8,10,10,2,0,0,0,0,10,10,35,0,10,1,1,0,1,0,0,4,10,2,0,1,2,4,43
2024-09-15 19:29:00,6.472332954406738,10,0,-204.48000000000002,197087274624.0,9,10,10,4,0,0,0,0,10,9,37,0,10,1,1,1,0,0,0,1,10,1,3,2,2,1,42
2024-09-15 19:29:00,6.5374579429626465,10,1,-207.36,188395020416.0,10,10,10,3,0,0,0,0,10,10,37,0,10,0,0,1,0,0,0,2,10,1,2,0,0,2,45
2024-09-15 19:29:00,6.607778787612915,10,0,-202.67999999999998,215431028352.0,9,10,10,5,0,0,0,0,10,10,36,0,10,0,2,1,0,0,0,2,10,0,2,0,3,2,44
2024-09-15 19:29:00,6.671777009963989,10,0,-207.8,243111703552.0,10,10,10,3,0,0,0,0,10,10,39,0,10,0,0,0,0,0,0,1,10,1,1,1,2,1,44
2024-09-15 19:29:00,6.738055944442749,10,0,-212.00000000000003,241060764160.0,10,10,10,1,0,0,0,0,10,10,40,0,10,0,0,0,0,0,0,0,10,1,0,0,0,0,49
2024-09-15 19:29:00,6.810097932815552,10,0,-203.79999999999998,229479298432.0,10,10,10,5,0,0,0,0,10,10,39,0,10,0,0,0,0,0,0,1,10,0,1,0,1,1,47
2024-09-15 19:29:00,6.873450994491577,10,0,-207.8,278164850560.0,10,10,10,3,0,0,0,0,10,10,39,0,10,0,0,0,0,0,0,1,10,0,1,0,0,1,48
2024-09-15 19:29:00,6.938163995742798,10,0,-210.28000000000006,307047142912.0,8,10,10,1,0,0,0,0,10,10,36,0,10,1,1,0,1,0,0,2,10,2,2,2,3,2,40
2024-09-15 19:29:00,7.005497932434082,10,1,-206.2,270323615488.0,10,10,10,4,0,0,0,0,10,10,41,0,10,0,0,0,0,0,0,0,10,1,0,1,2,0,47
2024-09-15 19:29:00,7.072204113006592,10,0,-208.68,345405117184.0,9,10,10,2,0,0,0,0,10,9,38,0,10,1,2,0,0,0,0,0,10,1,0,1,2,0,47
2024-09-15 19:29:00,7.13513708114624,10,0,-203.36,349508976128.0,9,10,10,5,0,0,0,0,10,10,39,0,10,1,0,0,0,0,0,0,10,0,1,2,0,0,47
2024-09-15 19:29:00,7.201308965682983,10,1,-206.16,327510593024.0,10,10,10,4,0,0,0,0,10,10,41,0,10,0,0,0,1,0,0,0,10,2,0,0,2,0,48
2024-09-15 19:29:00,7.267482042312622,10,0,-204.76000000000005,340402118144.0,7,10,10,3,0,0,0,0,10,8,35,0,10,2,0,0,4,0,0,1,10,4,0,2,2,1,43
2024-09-15 19:29:00,7.333390951156616,10,1,-204.19999999999993,417958682624.0,9,10,10,4,0,0,0,0,10,9,36,0,10,1,4,0,0,0,0,0,10,1,0,2,4,0,44
2024-09-15 19:29:00,7.397007942199707,10,0,-205.52,408823118336.0,10,10,10,4,0,0,0,0,10,10,38,0,10,0,1,1,0,0,0,0,10,0,1,0,1,0,48
2024-09-15 19:29:00,7.4453699588775635,10,0,-209.76000000000002,505671042304.0,10,10,10,2,0,0,0,0,10,10,39,0,10,0,1,0,0,0,0,1,10,0,0,0,1,1,49
2024-09-15 19:29:00,7.499169111251831,10,0,-206.87999999999997,475632537344.0,9,10,10,3,0,0,0,0,10,10,37,0,10,0,1,1,1,0,0,1,10,1,1,0,1,1,47
2024-09-15 19:29:00,7.548222064971924,10,0,-205.36,463439120128.0,9,10,10,4,0,0,0,0,10,10,39,0,10,0,1,0,0,0,0,0,10,1,0,2,1,0,46
2024-09-15 19:29:00,7.591739892959595,10,0,-208.0,393163669760.0,10,10,10,3,0,0,0,0,10,10,40,0,10,0,0,0,0,0,0,0,10,1,1,0,0,0,48
2024-09-15 19:29:00,7.636817932128906,10,1,-201.88000000000008,479019018240.0,9,10,10,5,0,0,0,0,10,9,34,0,10,0,1,1,1,0,0,3,10,2,2,0,1,3,42
2024-09-15 19:29:00,7.680253028869629,10,0,-211.60000000000002,512568436224.0,10,10,10,1,0,0,0,0,10,10,38,0,10,0,0,0,0,0,0,2,10,0,0,0,1,2,47
2024-09-15 19:29:00,7.726247072219849,10,0,-209.96,532061565440.0,10,10,10,2,0,0,0,0,10,10,40,0,10,1,0,0,0,0,0,1,10,0,1,1,0,1,49
2024-09-15 19:29:00,7.773198843002319,10,0,-199.84,594469853184.0,8,10,10,6,0,0,0,0,10,9,36,0,10,0,3,1,0,0,0,0,10,0,1,0,3,0,46
2024-09-15 19:29:00,7.8254759311676025,10,1,-205.79999999999998,603525782272.0,10,10,10,4,0,0,0,0,10,10,39,0,10,0,0,0,0,0,0,1,10,0,0,0,1,1,48
2024-09-15 19:29:00,7.886739015579224,10,0,-211.16,762470116608.0,9,10,10,1,0,0,0,0,10,10,38,0,10,0,0,1,0,0,0,2,10,2,1,0,0,2,46
2024-09-15 19:29:00,7.932018041610718,10,0,-204.96000000000004,741059705344.0,9,10,10,4,0,0,0,0,10,9,39,0,10,0,0,1,0,0,0,1,10,1,1,0,1,1,47
2024-09-15 19:29:00,7.978631973266602,10,0,-210.4,768901446144.0,10,10,10,2,0,0,0,0,10,10,42,0,10,0,0,0,0,0,0,0,10,0,1,1,1,0,49
2024-09-15 19:29:00,8.033815860748291,10,1,-200.76000000000002,725344708608.0,9,10,10,6,0,0,0,0,10,9,38,0,10,0,0,0,1,0,0,1,10,1,1,0,0,1,47
2024-09-15 19:29:00,8.101906061172485,10,0,-210.0,764715389952.0,10,10,10,2,0,0,0,0,10,10,40,0,10,0,0,0,0,0,0,0,10,0,0,2,2,0,46
2024-09-15 19:29:00,8.167478084564209,10,0,-213.36000000000007,858789403648.0,10,10,10,0,0,0,0,0,10,10,37,0,10,0,0,1,0,0,0,2,10,0,3,3,0,2,42
2024-09-15 19:29:00,8.226444959640503,10,0,-203.31999999999994,995256968192.0,9,10,10,5,0,0,0,0,10,10,39,0,10,0,2,0,0,0,0,1,10,2,1,0,2,1,46
2024-09-15 19:29:00,8.28449010848999,10,0,-207.56,946846736384.0,10,10,10,3,0,0,0,0,10,10,38,0,10,1,0,0,0,0,0,1,10,0,0,1,0,1,48
2024-09-15 19:29:00,8.333423852920532,10,0,-208.0,909186240512.0,10,10,10,3,0,0,0,0,10,10,40,0,10,0,0,0,0,0,0,0,10,0,0,0,0,0,50
2024-09-15 19:29:00,8.388607025146484,10,1,-197.48000000000005,1207045682688.0,9,10,10,8,0,0,0,0,10,10,40,0,10,0,0,0,3,0,0,0,10,5,0,0,0,0,48
2024-09-15 19:29:00,8.452977895736694,10,0,-208.2399999999999,1038804740096.0,9,10,10,2,0,0,0,0,10,9,36,0,10,2,1,0,1,0,0,2,10,1,2,3,2,2,42
2024-09-15 19:29:00,8.497484922409058,10,0,-212.16,1340864919552.0,10,10,10,1,0,0,0,0,10,10,41,0,10,0,1,0,0,0,0,0,10,0,1,0,1,0,50
2024-09-15 19:29:00,8.550052881240845,10,1,-209.16000000000003,1241712268288.0,9,10,10,2,0,0,0,0,10,10,38,0,10,0,1,0,0,0,0,1,10,0,0,0,1,1,48
2024-09-15 19:29:00,8.594295024871826,10,0,-198.92000000000002,1271045744640.0,9,10,10,7,0,0,0,0,10,9,39,0,10,1,0,1,0,0,0,0,10,0,1,1,1,0,48
2024-09-15 19:29:00,8.63843584060669,10,0,-208.00000000000003,1271894726656.0,10,10,10,3,0,0,0,0,10,10,40,0,10,0,0,0,0,0,0,0,10,1,1,1,0,0,47
2024-09-15 19:29:00,8.681766986846924,10,0,-202.64000000000001,1220747110400.0,9,10,10,5,0,0,0,0,10,10,36,0,10,1,1,1,1,0,0,1,10,2,2,2,2,1,42
2024-09-15 19:29:00,8.727538108825684,10,0,-209.96000000000004,1418518434816.0,10,10,10,2,0,0,0,0,10,10,40,0,10,0,0,0,1,0,0,3,10,1,1,1,2,3,46
2024-09-15 19:29:00,8.778852939605713,10,0,-206.35999999999999,1479900226560.0,10,10,10,4,0,0,0,0,10,10,42,0,10,1,0,0,0,0,0,0,10,0,0,1,2,0,50
2024-09-15 19:29:00,8.822521924972534,10,0,-211.76000000000002,1669837318144.0,10,10,10,1,0,0,0,0,10,10,39,0,10,1,0,0,0,0,0,1,10,0,0,1,1,1,48
2024-09-15 19:29:00,8.869111061096191,10,1,-207.79999999999995,1573743646720.0,10,10,10,3,0,0,0,0,10,10,39,0,10,0,0,0,0,0,0,2,10,0,0,1,1,2,47
2024-09-15 19:29:00,8.914800882339478,10,0,-209.12000000000003,2076501371904.0,9,10,10,2,0,0,0,0,10,10,38,0,10,0,1,1,0,0,0,3,10,1,2,0,1,3,46
2024-09-15 19:29:00,8.957982063293457,10,1,-203.8,1938451424256.0,10,10,10,5,0,0,0,0,10,10,39,0,10,0,0,0,0,0,0,1,10,0,0,0,1,1,48
2024-09-15 19:29:00,9.002487897872925,10,0,-209.96,2118725095424.0,10,10,10,2,0,0,0,0,10,10,40,0,10,0,1,0,0,0,0,0,10,0,1,0,1,0,49
2024-09-15 19:29:00,9.04487681388855,10,0,-205.80000000000004,1907251416064.0,10,10,10,4,0,0,0,0,10,10,39,0,10,0,0,0,0,0,0,1,10,0,0,1,1,1,47
2024-09-15 19:29:00,9.08974003791809,10,1,-204.83999999999997,2307936150528.0,9,10,10,4,0,0,0,0,10,10,37,0,10,2,1,0,1,0,0,1,10,2,0,2,1,1,46
2024-09-15 19:29:00,9.133095026016235,10,0,-205.07999999999998,2331625053184.0,9,10,10,4,0,0,0,0,10,10,38,0,10,0,2,0,1,0,0,0,10,1,1,0,2,0,47
2024-09-15 19:29:00,9.175232172012329,10,0,-207.32000000000002,2352850204672.0,10,10,10,3,0,0,0,0,10,10,37,0,10,0,0,2,0,0,0,1,10,0,2,0,1,1,46
2024-09-15 19:29:00,9.217346906661987,10,0,-206.88,2441899767808.0,9,10,10,3,0,0,0,0,10,10,37,0,10,3,0,0,0,0,0,0,10,0,1,3,1,0,45
2024-09-15 19:29:00,9.261506080627441,10,1,-204.48000000000008,2277765037056.0,9,10,10,4,0,0,0,0,10,9,37,0,10,1,1,0,1,0,0,2,10,3,1,1,2,2,43
2024-09-15 19:29:00,9.303984880447388,10,0,-211.12000000000003,2571219300352.0,9,10,10,1,0,0,0,0,10,10,38,0,10,0,1,0,1,0,0,0,10,2,1,1,1,0,45
2024-09-15 19:29:00,9.347203016281128,10,0,-205.16000000000005,2852517462016.0,9,10,10,4,0,0,0,0,10,10,38,0,10,0,0,1,0,0,0,2,10,0,1,0,0,2,48
2024-09-15 19:29:00,9.390123128890991,10,0,-207.79999999999998,2846205016064.0,10,10,10,3,0,0,0,0,10,10,39,0,10,0,0,0,0,0,0,1,10,0,1,0,0,1,48
2024-09-15 19:29:00,9.432508945465088,10,0,-207.60000000000002,3056212262912.0,10,10,10,3,0,0,0,0,10,10,38,0,10,0,0,0,0,0,0,2,10,1,1,0,1,2,45
2024-09-15 19:29:00,9.477154016494751,10,0,-213.92000000000007,3211473895424.0,10,10,10,0,0,0,0,0,10,10,40,0,10,0,0,0,2,0,0,1,10,3,1,0,0,1,48
2024-09-15 19:29:00,9.520119905471802,10,1,-207.15999999999997,3086922752000.0,9,10,10,3,0,0,0,0,10,10,38,0,10,0,0,0,1,0,0,1,10,1,0,1,0,1,47
2024-09-15 19:29:00,9.563181161880493,10,0,-203.51999999999998,3130071107584.0,10,10,10,5,0,0,0,0,10,10,38,0,10,1,1,0,0,0,0,1,10,0,0,2,1,1,47
2024-09-15 19:29:00,9.606665134429932,10,1,-207.72000000000003,3433474217984.0,10,10,10,3,0,0,0,0,10,10,39,0,10,0,1,1,0,0,0,0,10,0,1,0,1,0,49
2024-09-15 19:29:00,9.649636030197144,10,0,-209.56000000000003,3255310090240.0,10,10,10,2,0,0,0,0,10,10,38,0,10,0,0,0,1,0,0,2,10,1,0,0,0,2,48
2024-09-15 19:29:00,9.692567825317383,10,0,-204.72,3533131849728.0,8,10,10,4,0,0,0,0,10,10,38,0,10,1,0,0,1,0,0,0,10,1,0,1,0,0,48
2024-09-15 19:29:00,9.734808921813965,10,0,-208.31999999999996,3284738711552.0,9,10,10,2,0,0,0,0,10,9,36,0,10,0,1,1,0,0,0,2,10,0,1,1,1,2,45
2024-09-15 19:29:00,9.781223058700562,10,1,-210.67999999999998,3258063202304.0,8,10,10,1,0,0,0,0,10,10,38,0,10,0,0,2,1,0,0,0,10,1,2,2,0,0,46
2024-09-15 19:29:00,9.82536005973816,10,0,-209.8,3891134136320.0,10,10,10,2,0,0,0,0,10,10,39,0,10,0,0,0,0,0,0,2,10,0,2,0,2,2,45
2024-09-15 19:29:00,9.87647294998169,10,1,-209.8,4475512424448.0,10,10,10,2,0,0,0,0,10,10,39,0,10,0,0,0,0,0,0,2,10,0,1,0,0,2,48
2024-09-15 19:29:00,9.960755109786987,10,1,-206.0,4514689945600.0,10,10,10,4,0,0,0,0,10,10,40,0,10,0,0,0,0,0,0,1,10,2,1,2,1,1,44
2024-09-15 19:29:00,10.012876033782959,10,1,-211.12000000000003,5535164309504.0,9,10,10,1,0,0,0,0,10,10,38,0,10,0,2,0,0,0,0,2,10,1,1,0,2,2,46
2024-09-15 19:29:00,10.064059972763062,10,0,-209.80000000000004,4521950609408.0,10,10,10,2,0,0,0,0,10,10,39,0,10,0,0,0,0,0,0,2,10,0,1,0,0,2,48
2024-09-15 19:29:00,10.114362001419067,10,0,-211.07999999999998,5581822685184.0,9,10,10,1,0,0,0,0,10,10,38,0,10,1,0,0,2,0,0,0,10,2,0,1,0,0,48
2024-09-15 19:29:00,10.162940979003906,10,0,-202.52000000000004,4704632561664.0,9,10,10,5,0,0,0,0,10,10,35,0,10,0,1,0,1,0,0,3,10,1,1,1,1,3,43
2024-09-15 19:29:00,10.213787078857422,10,0,-208.72000000000006,4499090276352.0,9,10,10,2,0,0,0,0,10,10,36,0,10,0,1,1,0,0,0,4,10,0,1,1,2,4,44
2024-09-15 19:29:00,10.264415979385376,10,0,-204.96,5973360111616.0,9,10,10,4,0,0,0,0,10,9,39,0,10,0,0,1,0,0,0,0,10,0,1,1,1,0,47
2024-09-15 19:29:00,10.316744089126587,10,0,-205.28000000000003,5671437701120.0,10,10,10,4,0,0,0,0,10,10,37,0,10,0,1,0,2,0,0,1,10,2,0,1,1,1,46
2024-09-15 19:29:00,10.365142107009888,10,0,-208.00000000000003,6066018201600.0,10,10,10,3,0,0,0,0,10,10,40,0,10,0,0,0,0,0,0,0,10,0,0,0,0,0,50
2024-09-15 19:29:00,10.41385293006897,10,0,-206.20000000000002,6617810567168.0,10,10,10,4,0,0,0,0,10,10,41,0,10,0,0,0,0,0,0,0,10,1,0,3,0,0,47
2024-09-15 19:29:00,10.464019060134888,10,0,-212.15999999999997,7139161886720.0,10,10,10,1,0,0,0,0,10,10,41,0,10,0,0,0,1,0,0,1,10,1,2,0,0,1,49
2024-09-15 19:29:00,10.515758991241455,10,1,-203.04,7759445827584.0,9,10,10,5,0,0,0,0,10,10,38,0,10,2,1,0,1,0,0,0,10,1,2,2,1,0,46
2024-09-15 19:29:00,10.566870212554932,10,1,-205.8,5658620153856.0,10,10,10,4,0,0,0,0,10,10,39,0,10,0,0,0,0,0,0,1,10,0,0,0,0,1,49
2024-09-15 19:29:00,10.624926090240479,10,0,-206.64,7727181324288.0,9,10,10,3,0,0,0,0,10,10,36,0,10,0,0,0,4,0,0,1,10,4,0,0,1,1,45
2024-09-15 19:29:00,10.682915925979614,10,0,-204.76000000000002,6843472965632.0,9,10,10,4,0,0,0,0,10,9,38,0,10,0,1,0,0,0,0,1,10,2,0,0,1,1,46
2024-09-15 19:29:00,10.740346908569336,10,0,-202.11999999999998,7443275218944.0,8,10,10,5,0,0,0,0,10,9,37,0,10,0,0,1,1,0,0,1,10,2,1,3,0,1,43
2024-09-15 19:29:00,10.841907978057861,10,0,-209.96,8035054567424.0,10,10,10,2,0,0,0,0,10,10,40,0,10,0,1,0,0,0,0,3,10,1,0,0,1,3,49
2024-09-15 19:29:00,10.92240595817566,10,0,-206.76000000000002,8454009528320.0,9,10,10,3,0,0,0,0,10,9,38,0,10,0,0,1,0,0,0,1,10,0,2,1,2,1,44
2024-09-15 19:29:00,10.995447158813477,10,0,-211.8,8243022360576.0,10,10,10,1,0,0,0,0,10,10,39,0,10,0,0,0,0,0,0,1,10,0,0,1,1,1,47
2024-09-15 19:29:00,11.057011127471924,10,0,-205.43999999999994,11148416909312.0,9,10,10,4,0,0,0,0,10,10,40,0,10,0,1,2,1,0,0,0,10,1,3,1,2,0,47
2024-09-15 19:29:00,11.11389708518982,10,0,-202.88000000000002,8557822992384.0,9,10,10,5,0,0,0,0,10,10,37,0,10,0,2,0,1,0,0,0,10,1,0,0,2,0,47
2024-09-15 19:29:00,11.169266939163208,10,0,-205.36000000000004,9623183130624.0,10,10,10,4,0,0,0,0,10,10,37,0,10,1,0,0,0,0,0,2,10,0,0,2,3,2,43
2024-09-15 19:29:00,11.227384805679321,10,0,-205.12000000000003,10085621489664.0,9,10,10,4,0,0,0,0,10,10,38,0,10,1,1,0,0,0,0,2,10,0,0,3,1,2,46
2024-09-15 19:29:48,0.23051810264587402,10,1,-180.08,4.837424123077653,4,11,11,15,0,0,0,1,10,4,60,0,10,30,3,1,29,0,0,87,11,46,8,36,13,87,31
2024-09-15 19:29:48,0.32236599922180176,10,1,-165.99999999999974,5.555600633844733,1,14,14,17,0,0,0,4,10,2,28,0,10,30,21,0,9,0,0,1,14,12,4,30,33,1,23
2024-09-15 19:29:48,0.45426511764526367,10,3,-123.16000000000024,10.796765439212322,1,14,14,36,0,0,0,4,10,2,16,0,10,33,41,4,43,0,0,1,14,43,5,34,46,1,23
2024-09-15 19:29:48,0.5689148902893066,10,11,-125.92000000000031,11.335583996027708,0,14,14,34,0,0,0,7,10,2,14,0,10,31,41,11,19,0,0,2,14,21,14,33,42,2,20
2024-09-15 19:29:48,0.6499519348144531,10,0,-160.88000000000008,7.562249887734652,0,13,13,17,0,0,0,6,10,1,10,0,10,15,19,3,26,0,0,1,13,28,3,17,20,1,18
2024-09-15 19:29:48,0.7158489227294922,10,3,-155.5600000000002,6.316038358956575,0,11,11,21,0,0,0,2,10,2,9,0,10,15,14,3,19,0,0,1,11,19,5,15,19,1,13
2024-09-15 19:29:48,0.7732999324798584,10,5,-161.83999999999992,5.9716944471001625,0,10,10,17,0,0,0,1,10,0,1,0,10,19,11,1,18,0,0,4,10,18,1,20,11,4,10
2024-09-15 19:29:48,0.8464150428771973,10,1,-136.0800000000003,7.953664138913155,0,11,11,29,0,0,0,4,10,0,3,0,10,20,20,8,20,0,0,1,11,20,8,23,20,1,11
2024-09-15 19:29:48,0.9601700305938721,10,1,-124.20000000000012,14.502880051732063,0,15,15,35,0,0,0,9,10,1,20,0,10,26,27,16,21,0,0,4,15,21,20,35,30,4,19
2024-09-15 19:29:48,1.0380210876464844,10,0,-152.19999999999996,9.62616091966629,0,13,13,20,0,0,0,7,10,0,2,0,10,20,15,15,20,0,0,2,13,20,15,20,15,2,15
2024-09-15 19:29:48,1.167443037033081,10,1,-121.40000000000039,16.475962810218334,0,13,13,36,0,0,0,5,10,1,9,0,10,20,26,21,38,0,0,7,13,38,24,21,27,7,17
2024-09-15 19:29:48,1.2996878623962402,10,2,-87.92000000000003,19.03010731935501,0,13,13,52,0,0,0,6,10,0,9,0,10,34,26,16,46,0,0,2,13,47,16,34,27,2,20
2024-09-15 19:29:48,1.3750598430633545,10,1,-143.28000000000006,12.672236055135727,0,11,11,26,0,0,0,2,10,1,3,0,10,21,21,3,23,0,0,3,11,23,5,22,21,3,11
2024-09-15 19:29:48,1.439500093460083,10,1,-160.68,13.402464337646961,0,10,10,19,0,0,0,1,10,2,11,0,10,12,8,10,18,0,0,4,10,18,11,13,8,4,19
2024-09-15 19:29:48,1.4860000610351562,10,1,-183.27999999999986,12.494681030511856,0,10,10,9,0,0,0,0,10,1,19,0,10,11,0,0,12,0,0,1,10,14,2,11,0,1,25
2024-09-15 19:29:48,1.538877010345459,10,2,-179.95999999999998,33.61979138851166,1,10,10,11,0,0,0,0,10,1,21,0,10,6,0,6,14,0,0,2,10,14,6,7,2,2,28
2024-09-15 19:29:48,1.5890421867370605,10,1,-191.75999999999988,94.26702934503555,4,11,11,7,0,0,0,1,10,4,29,0,10,11,1,0,4,0,0,1,11,6,1,13,3,1,33
2024-09-15 19:29:48,1.6351799964904785,10,1,-184.83999999999983,258.84370720386505,1,10,10,9,0,0,0,0,10,2,22,0,10,10,0,0,9,0,0,1,10,10,0,10,0,1,31
2024-09-15 19:29:48,1.6813621520996094,10,1,-197.0399999999999,653.527214050293,5,10,10,5,0,0,0,0,10,6,26,0,10,10,0,0,4,0,0,2,10,4,0,10,1,2,35
2024-09-15 19:29:48,1.728402853012085,10,1,-185.99999999999983,1467.9905343055725,1,10,10,8,0,0,0,0,10,1,20,0,10,10,0,0,10,0,0,2,10,10,0,10,1,2,29
2024-09-15 19:29:48,1.7740530967712402,10,1,-186.63999999999984,1938.4069786071777,1,10,10,8,0,0,0,0,10,2,21,0,10,6,2,0,11,0,0,2,10,11,1,7,2,2,29
2024-09-15 19:29:48,1.819580078125,10,2,-185.59999999999982,4417.143932342529,0,10,10,8,0,0,0,0,10,1,20,0,10,8,0,0,12,0,0,1,10,13,0,9,0,1,28
2024-09-15 19:29:48,1.871847152709961,10,0,-185.95999999999987,8497.231578826904,1,11,11,8,0,0,0,1,10,1,23,0,10,12,0,1,8,0,0,3,11,8,1,17,1,3,28
2024-09-15 19:29:48,1.9252111911773682,10,0,-187.63999999999987,11819.76235961914,1,10,10,8,0,0,0,0,10,4,22,0,10,10,0,0,9,0,0,2,10,10,1,10,0,2,30
2024-09-15 19:29:48,1.9732909202575684,10,1,-189.87999999999988,17877.820777893066,2,10,10,7,0,0,0,0,10,2,25,0,10,5,0,0,13,0,0,0,10,13,0,5,2,0,33
2024-09-15 19:29:48,2.032433032989502,10,2,-179.2799999999999,38340.873275756836,2,12,12,12,0,0,0,2,10,2,29,0,10,11,0,2,10,0,0,1,12,11,3,19,1,1,30
2024-09-15 19:29:48,2.100950002670288,10,1,-193.67999999999984,55307.43035888672,2,12,12,5,0,0,0,2,10,2,31,0,10,10,1,2,10,0,0,0,12,11,2,17,2,0,34
2024-09-15 19:29:48,2.1469359397888184,10,1,-194.83999999999986,64281.316833496094,0,10,10,3,0,0,0,0,10,0,18,0,10,12,0,1,6,0,0,4,10,7,1,13,0,4,26
2024-09-15 19:29:48,2.191946029663086,10,0,-187.31999999999982,66776.638671875,1,10,10,7,0,0,0,1,10,1,19,0,10,7,2,1,12,0,0,0,10,12,1,10,3,0,25
2024-09-15 19:29:48,2.2377519607543945,10,2,-189.71999999999989,62214.289642333984,0,10,10,6,0,0,0,1,10,3,19,0,10,10,1,1,10,0,0,0,10,11,4,10,1,0,25
2024-09-15 19:29:48,2.2847018241882324,10,0,-180.11999999999992,85170.63104248047,0,10,10,10,0,0,0,1,10,0,17,0,10,10,1,1,10,0,0,1,10,10,1,10,1,1,27
2024-09-15 19:29:48,2.331022024154663,10,1,-176.11999999999992,114222.2261352539,1,10,10,13,0,0,0,0,10,3,17,0,10,17,0,0,5,0,0,2,10,5,0,18,0,2,26
2024-09-15 19:29:48,2.379369020462036,10,2,-181.15999999999988,152955.93411254883,0,10,10,10,0,0,0,0,10,0,20,0,10,7,0,0,14,0,0,2,10,15,3,8,0,2,25
2024-09-15 19:29:48,2.437685966491699,10,0,-184.5199999999999,185253.01235961914,1,11,11,9,0,0,0,1,10,3,22,0,10,10,1,1,10,0,0,5,11,10,1,10,3,5,31
2024-09-15 19:29:48,2.4826691150665283,10,2,-186.47999999999982,176613.29370117188,0,10,10,7,0,0,0,0,10,0,17,0,10,11,0,0,12,0,0,0,10,13,0,11,0,0,26
2024-09-15 19:29:48,2.5288920402526855,10,0,-185.11999999999992,215312.09643554688,0,10,10,8,0,0,0,0,10,1,18,0,10,10,4,0,8,0,0,2,10,8,1,11,5,2,25
2024-09-15 19:29:48,2.5732829570770264,10,1,-183.5999999999999,269940.72247314453,0,10,10,9,0,0,0,0,10,1,20,0,10,8,0,0,12,0,0,0,10,12,0,8,0,0,30
2024-09-15 19:29:48,2.6175270080566406,10,0,-191.63999999999987,278511.2902832031,2,10,10,6,0,0,0,0,10,3,22,0,10,10,0,0,9,0,0,0,10,10,0,10,1,0,30
2024-09-15 19:29:48,2.6657981872558594,10,3,-192.3599999999998,288189.18505859375,1,10,10,5,0,0,0,0,10,1,22,0,10,8,0,0,13,0,0,0,10,13,1,8,1,0,30
2024-09-15 19:29:48,2.7106339931488037,10,0,-184.71999999999989,302157.5935058594,0,10,10,8,0,0,0,1,10,2,16,0,10,7,2,0,13,0,0,3,10,13,0,7,3,3,25
2024-09-15 19:29:48,2.7577550411224365,10,3,-180.8799999999998,332508.08825683594,0,10,10,10,0,0,0,0,10,0,19,0,10,14,2,0,7,0,0,0,10,8,0,14,2,0,28
2024-09-15 19:29:48,2.8044941425323486,10,1,-185.03999999999988,311131.9733886719,0,10,10,8,0,0,0,1,10,2,18,0,10,12,3,1,8,0,0,0,10,8,2,12,4,0,26
2024-09-15 19:29:48,2.84938907623291,10,0,-175.5999999999999,422689.55139160156,0,10,10,13,0,0,0,0,10,1,20,0,10,2,0,0,18,0,0,0,10,18,1,3,1,0,27
2024-09-15 19:29:48,2.900177240371704,10,1,-179.51999999999992,499066.10528564453,1,11,11,11,0,0,0,1,10,1,21,0,10,16,2,0,4,0,0,3,11,4,2,17,2,3,29
2024-09-15 19:29:48,2.9446918964385986,10,1,-184.31999999999996,446217.43115234375,0,10,10,8,0,0,0,0,10,0,16,0,10,13,0,0,9,0,0,2,10,9,0,13,0,2,26
2024-09-15 19:29:48,2.993025064468384,10,1,-181.95999999999992,609063.5589599609,1,10,10,10,0,0,0,0,10,1,20,0,10,5,1,1,14,0,0,3,10,14,2,5,2,3,28
2024-09-15 19:29:48,3.0385279655456543,10,2,-191.5199999999999,572895.5659179688,0,10,10,4,0,0,0,1,10,1,12,0,10,11,2,0,9,0,0,6,10,9,0,11,2,6,22
2024-09-15 19:29:48,3.083855152130127,10,1,-180.79999999999993,599983.8653564453,0,10,10,10,0,0,0,0,10,0,18,0,10,6,0,0,14,0,0,2,10,14,1,6,0,2,27
2024-09-15 19:29:48,3.1291990280151367,10,2,-182.95999999999995,502341.1623535156,1,10,10,9,0,0,0,0,10,2,13,0,10,13,0,0,8,0,0,8,10,9,1,13,0,8,21
2024-09-15 19:29:48,3.1775200366973877,10,1,-178.31999999999994,680100.0344238281,0,10,10,11,0,0,0,0,10,0,16,0,10,5,0,0,17,0,0,5,10,17,0,5,1,5,25
2024-09-15 19:29:48,3.222722053527832,10,1,-176.15999999999997,703868.4957275391,0,10,10,13,0,0,0,0,10,3,19,0,10,11,0,0,10,0,0,1,10,10,0,11,0,1,29
2024-09-15 19:29:48,3.2686240673065186,10,2,-180.3999999999999,592937.3315429688,0,10,10,11,0,0,0,0,10,3,20,0,10,6,0,0,14,0,0,0,10,14,1,6,0,0,29
2024-09-15 19:29:48,3.314877986907959,10,1,-183.87999999999985,834836.3819580078,0,10,10,8,0,0,0,2,10,3,13,0,10,13,4,1,10,0,0,1,10,10,1,13,5,1,22
2024-09-15 19:29:48,3.3686530590057373,10,3,-179.7999999999999,1027958.4504394531,0,11,11,10,0,0,0,1,10,1,15,0,10,10,5,2,8,0,0,8,11,8,2,10,5,8,26
2024-09-15 19:29:48,3.4126498699188232,10,1,-180.79999999999993,703797.2036132812,0,10,10,10,0,0,0,0,10,1,16,0,10,12,0,0,8,0,0,4,10,9,0,12,0,4,25
2024-09-15 19:29:48,3.4577178955078125,10,1,-188.59999999999985,931557.8701171875,0,10,10,6,0,0,0,0,10,0,17,0,10,14,0,0,6,0,0,3,10,6,0,14,0,3,27
2024-09-15 19:29:48,3.502855062484741,10,1,-188.99999999999983,1168993.9233398438,0,10,10,6,0,0,0,0,10,0,19,0,10,12,0,0,8,0,0,2,10,8,0,13,0,2,28
2024-09-15 19:29:48,3.5479331016540527,10,1,-179.7999999999999,1150694.5270996094,0,10,10,11,0,0,0,0,10,2,19,0,10,10,0,0,10,0,0,2,10,11,0,10,0,2,28
2024-09-15 19:29:48,3.596163034439087,10,0,-176.11999999999986,1159586.9565429688,1,10,10,12,0,0,0,1,10,1,14,0,10,12,4,0,11,0,0,2,10,11,1,12,5,2,22
2024-09-15 19:29:48,3.6403000354766846,10,0,-183.91999999999993,1434359.3347167969,0,10,10,8,0,0,0,1,10,0,16,0,10,8,1,1,12,0,0,2,10,12,1,9,1,2,25
2024-09-15 19:29:48,3.686858892440796,10,2,-182.75999999999993,1354135.7844238281,0,10,10,9,0,0,0,0,10,2,14,0,10,6,0,0,15,0,0,6,10,15,0,6,2,6,22
2024-09-15 19:29:48,3.7309370040893555,10,2,-170.71999999999997,1395407.5673828125,0,10,10,14,0,0,0,0,10,1,6,0,10,11,0,0,11,0,0,12,10,11,0,11,0,12,16
2024-09-15 19:29:48,3.777374029159546,10,3,-174.4799999999999,1330419.9384765625,0,10,10,13,0,0,0,0,10,2,13,0,10,11,1,1,10,0,0,6,10,11,1,12,1,6,21
2024-09-15 19:29:48,3.822171211242676,10,0,-186.1199999999999,1346053.7666015625,0,10,10,7,0,0,0,1,10,0,17,0,10,4,1,1,16,0,0,2,10,16,1,4,1,2,27
2024-09-15 19:29:48,3.874329090118408,10,0,-191.71999999999983,1795264.1838378906,1,11,11,5,0,0,0,1,10,1,22,0,10,14,1,1,6,0,0,2,11,6,1,14,1,2,33
2024-09-15 19:29:48,3.925750970840454,10,0,-188.55999999999986,1827729.4482421875,1,11,11,6,0,0,0,1,10,1,16,0,10,12,2,0,7,0,0,9,11,8,0,12,3,9,25
2024-09-15 19:29:48,3.978548049926758,10,2,-182.23999999999998,1767346.333984375,1,11,11,9,0,0,0,1,10,2,13,0,10,9,2,0,13,0,0,10,11,13,0,9,2,10,24
2024-09-15 19:29:48,4.022969007492065,10,0,-189.43999999999988,1710879.443359375,0,10,10,5,0,0,0,0,10,0,11,0,10,6,0,1,12,0,0,10,10,12,1,7,0,10,20
2024-09-15 19:29:48,4.067349910736084,10,1,-181.99999999999994,2483078.955078125,0,10,10,9,0,0,0,0,10,1,12,0,10,12,0,0,8,0,0,9,10,8,1,13,1,9,19
2024-09-15 19:29:48,4.113000869750977,10,1,-188.35999999999984,1775673.642578125,0,10,10,6,0,0,0,0,10,2,12,0,10,11,0,0,10,0,0,8,10,11,0,12,2,8,18
2024-09-15 19:29:48,4.157105207443237,10,1,-182.67999999999992,2541007.0551757812,1,10,10,9,0,0,0,0,10,2,12,0,10,15,0,0,8,0,0,6,10,8,1,15,1,6,20
2024-09-15 19:29:48,4.201848983764648,10,1,-174.99999999999997,2330236.482421875,0,10,10,12,0,0,0,0,10,0,9,0,10,8,0,0,12,0,0,11,10,12,0,8,0,11,19
2024-09-15 19:29:48,4.246297121047974,10,1,-183.39999999999992,2647326.9086914062,0,10,10,8,0,0,0,0,10,0,11,0,10,10,0,0,10,0,0,10,10,11,0,10,2,10,18
2024-09-15 19:29:48,4.297653913497925,10,0,-182.03999999999996,2717021.1479492188,1,11,11,9,0,0,0,1,10,1,14,0,10,7,2,0,15,0,0,9,11,15,0,7,2,9,25
2024-09-15 19:29:48,4.343636989593506,10,0,-185.51999999999987,3051957.705078125,0,10,10,7,0,0,0,0,10,1,10,0,10,7,0,0,15,0,0,10,10,15,1,9,0,10,17
2024-09-15 19:29:48,4.3879499435424805,10,0,-187.19999999999993,2774749.2294921875,0,10,10,6,0,0,0,0,10,0,10,0,10,8,0,0,12,0,0,10,10,12,0,8,1,10,19
2024-09-15 19:29:48,4.433650255203247,10,2,-182.91999999999993,4534794.2412109375,0,10,10,8,0,0,0,0,10,0,9,0,10,13,0,0,9,0,0,9,10,9,1,13,0,9,18
2024-09-15 19:29:48,4.4774250984191895,10,0,-185.19999999999996,2727462.8779296875,0,10,10,7,0,0,0,0,10,0,10,0,10,6,0,0,14,0,0,10,10,15,0,6,0,10,19
2024-09-15 19:29:48,4.526218891143799,10,1,-181.71999999999997,3446413.53515625,0,10,10,9,0,0,0,0,10,1,11,0,10,10,1,1,10,0,0,11,10,12,1,10,2,11,18
2024-09-15 19:29:48,4.573324918746948,10,1,-187.51999999999992,4193663.1469726562,0,10,10,6,0,0,0,0,10,0,12,0,10,14,1,1,6,0,0,10,10,6,1,15,2,10,20
2024-09-15 19:29:48,4.620589017868042,10,2,-177.83999999999995,4207628.6787109375,0,10,10,11,0,0,0,0,10,0,13,0,10,14,0,1,4,0,0,10,10,4,1,14,1,10,22
2024-09-15 19:29:48,4.6657562255859375,10,0,-181.11999999999995,3884538.244140625,0,10,10,9,0,0,0,1,10,1,10,0,10,8,1,1,12,0,0,9,10,12,1,8,1,9,20
2024-09-15 19:29:48,4.711482048034668,10,1,-182.11999999999992,3357769.7275390625,0,10,10,9,0,0,0,0,10,3,9,0,10,9,0,0,13,0,0,10,10,13,2,9,0,10,17
2024-09-15 19:29:48,4.7561469078063965,10,1,-173.2,3948563.5400390625,0,10,10,13,0,0,0,0,10,0,10,0,10,8,0,0,12,0,0,10,10,12,1,9,0,10,18
2024-09-15 19:29:48,4.800696134567261,10,0,-190.39999999999986,4469050.871582031,0,10,10,5,0,0,0,0,10,1,14,0,10,8,0,0,12,0,0,7,10,12,1,8,1,7,22
2024-09-15 19:29:48,4.846901893615723,10,1,-179.59999999999997,5424304.14453125,0,10,10,10,0,0,0,0,10,1,10,0,10,12,0,0,8,0,0,11,10,8,1,12,1,11,18
2024-09-15 19:29:48,4.892632007598877,10,0,-183.35999999999996,5222637.2978515625,0,10,10,8,0,0,0,0,10,0,11,0,10,18,0,0,3,0,0,8,10,3,2,18,1,8,18
2024-09-15 19:29:48,4.946737051010132,10,2,-175.83999999999997,7923591.78515625,1,11,11,12,0,0,0,1,10,2,11,0,10,10,4,0,10,0,0,14,11,11,0,10,4,14,21
2024-09-15 19:29:48,4.9977500438690186,10,0,-176.11999999999998,6077957.2265625,1,11,11,12,0,0,0,1,10,1,14,0,10,12,2,0,8,0,0,11,11,8,0,12,3,11,24
2024-09-15 19:29:48,5.042791843414307,10,1,-186.4799999999999,4494101.2412109375,0,10,10,6,0,0,0,1,10,0,9,0,10,11,1,1,10,0,0,8,10,10,1,11,1,8,19
2024-09-15 19:29:48,5.094035863876343,10,1,-186.2399999999999,7468915.28125,1,11,11,7,0,0,0,2,10,3,13,0,10,14,3,1,6,0,0,10,11,7,1,14,3,10,23
2024-09-15 19:29:48,5.142164945602417,10,1,-184.3999999999999,8017229.20703125,1,10,10,8,0,0,0,0,10,1,12,0,10,14,0,0,6,0,0,11,10,8,0,14,1,11,19
2024-09-15 19:29:48,5.188415050506592,10,2,-183.75999999999988,5095664.6474609375,0,10,10,8,0,0,0,0,10,1,11,0,10,12,0,0,9,0,0,10,10,9,0,12,1,10,20
2024-09-15 19:29:48,5.236203908920288,10,1,-190.7199999999999,8515014.887695312,2,10,10,5,0,0,0,1,10,2,12,0,10,9,4,2,7,0,0,9,10,7,2,9,4,9,22
2024-09-15 19:29:48,5.289750099182129,10,0,-187.1199999999999,7452554.603515625,0,10,10,6,0,0,0,0,10,0,10,0,10,14,1,1,6,0,0,11,10,7,1,14,1,11,19
2024-09-15 19:29:48,5.348512887954712,10,1,-184.9199999999999,9615703.443359375,0,10,10,7,0,0,0,1,10,1,9,0,10,12,1,1,8,0,0,12,10,8,2,12,2,12,17
2024-09-15 19:29:48,5.414644002914429,10,1,-178.87999999999994,10128992.6875,1,11,11,11,0,0,0,1,10,3,14,0,10,12,2,0,9,0,0,11,11,9,0,12,4,11,23
2024-09-15 19:29:48,5.469444990158081,10,1,-182.87999999999997,9955764.732421875,0,10,10,8,0,0,0,0,10,0,9,0,10,10,0,0,13,0,0,8,10,13,0,10,0,8,19
2024-09-15 19:29:48,5.524775981903076,10,1,-183.59999999999994,9501879.89453125,0,10,10,8,0,0,0,0,10,1,10,0,10,10,0,0,10,0,0,10,10,10,0,11,0,10,19
2024-09-15 19:29:48,5.579262971878052,10,1,-182.19999999999996,9440752.49609375,0,10,10,8,0,0,0,0,10,0,6,0,10,8,0,0,17,0,0,9,10,17,0,8,0,9,16
2024-09-15 19:29:48,5.635353088378906,10,2,-173.83999999999997,11542271.2265625,0,10,10,12,0,0,0,0,10,0,4,0,10,13,2,0,9,0,0,14,10,9,0,13,2,14,14
2024-09-15 19:29:48,5.687756061553955,10,0,-183.11999999999998,7907859.4375,0,10,10,8,0,0,0,0,10,0,10,0,10,13,0,0,9,0,0,8,10,9,2,13,0,8,18
2024-09-15 19:29:48,5.733365058898926,10,0,-177.39999999999998,10108713.154296875,0,10,10,11,0,0,0,0,10,1,9,0,10,12,0,0,8,0,0,11,10,8,0,12,0,11,19
2024-09-15 19:29:48,5.783047199249268,10,1,-174.79999999999993,12897249.152832031,1,10,10,12,0,0,0,1,10,1,7,0,10,11,3,3,8,0,0,15,10,8,3,11,3,15,17
2024-09-15 19:29:48,5.829255104064941,10,1,-178.1599999999999,9315115.630859375,0,10,10,10,0,0,0,0,10,0,5,0,10,11,0,0,10,0,0,14,10,10,1,11,1,14,13
2024-09-15 19:29:48,5.873798131942749,10,0,-182.27999999999997,14596548.41015625,0,10,10,8,0,0,0,1,10,0,8,0,10,5,1,1,16,0,0,9,10,16,3,5,1,9,16
2024-09-15 19:29:48,5.9237220287323,10,1,-186.15999999999997,13062816.6640625,1,10,10,7,0,0,0,0,10,1,11,0,10,8,0,0,13,0,0,10,10,14,0,10,0,10,18
2024-09-15 19:29:48,5.9723570346832275,10,3,-182.55999999999997,10164186.5703125,2,10,10,9,0,0,0,0,10,2,9,0,10,13,0,0,8,0,0,12,10,9,0,14,0,12,17
2024-09-15 19:29:48,6.0185630321502686,10,1,-181.19999999999996,11173639.6953125,0,10,10,9,0,0,0,0,10,0,10,0,10,10,0,0,10,0,0,10,10,10,1,10,0,10,19
2024-09-15 19:29:48,6.06449294090271,10,0,-183.24,11698040.798828125,1,10,10,8,0,0,0,0,10,1,6,0,10,10,0,0,9,0,0,16,10,9,0,10,2,16,14
2024-09-15 19:29:48,6.1102190017700195,10,0,-183.12000000000003,15355175.935546875,0,10,10,7,0,0,0,0,10,0,0,0,10,13,0,0,9,0,0,18,10,9,0,13,0,18,10
2024-09-15 19:29:48,6.1675498485565186,10,1,-183.88,23008315.44140625,2,12,12,8,0,0,0,2,10,2,13,0,10,9,4,0,15,0,0,11,12,15,1,11,4,11,22
2024-09-15 19:29:48,6.2133629322052,10,3,-184.91999999999996,13502045.306640625,0,10,10,7,0,0,0,0,10,1,7,0,10,7,0,0,15,0,0,11,10,15,0,7,0,11,17
2024-09-15 19:29:48,6.257885932922363,10,0,-190.91999999999996,16502889.9609375,0,10,10,4,0,0,0,0,10,2,5,0,10,3,0,0,19,0,0,13,10,19,0,4,0,13,14
2024-09-15 19:29:48,6.305453062057495,10,1,-186.3599999999999,12615758.37890625,1,10,10,7,0,0,0,1,10,2,12,0,10,12,1,1,7,0,0,10,10,7,2,12,2,10,20
2024-09-15 19:29:48,6.350902080535889,10,2,-178.99999999999997,15361039.82421875,0,10,10,10,0,0,0,0,10,0,9,0,10,10,0,0,10,0,0,11,10,10,1,10,0,11,18
2024-09-15 19:29:48,6.396454095840454,10,1,-183.4,16406919.375,1,10,10,8,0,0,0,0,10,2,5,0,10,4,0,0,16,0,0,17,10,17,0,4,1,17,13
2024-09-15 19:29:48,6.443310022354126,10,0,-178.36000000000004,16854779.2578125,0,10,10,10,0,0,0,0,10,0,6,0,10,9,0,1,11,0,0,14,10,11,1,9,0,14,16
2024-09-15 19:29:48,6.4876720905303955,10,0,-182.39999999999998,16200633.8671875,0,10,10,8,0,0,0,0,10,0,6,0,10,12,0,0,8,0,0,14,10,8,0,12,0,14,16
2024-09-15 19:29:48,6.533970832824707,10,1,-177.11999999999995,14543701.90234375,0,10,10,11,0,0,0,0,10,1,8,0,10,13,0,0,9,0,0,11,10,9,0,14,0,11,17
2024-09-15 19:29:48,6.582338094711304,10,0,-196.75999999999993,17369868.28515625,1,10,10,2,0,0,0,0,10,3,10,0,10,8,2,1,10,0,0,14,10,10,2,9,5,14,15
2024-09-15 19:29:48,6.628722190856934,10,1,-183.20000000000002,22551659.22265625,0,10,10,7,0,0,0,0,10,0,0,0,10,14,0,0,6,0,0,21,10,6,0,14,0,21,10
2024-09-15 19:29:48,6.672698020935059,10,2,-179.76000000000002,22852796.302734375,0,10,10,9,0,0,0,0,10,1,1,0,10,10,0,0,11,0,0,18,10,11,0,11,0,18,10
2024-09-15 19:29:48,6.71915602684021,10,0,-182.84000000000006,21051646.46484375,1,10,10,8,0,0,0,0,10,1,4,0,10,2,0,0,17,0,0,19,10,17,1,2,0,19,13
2024-09-15 19:29:48,6.7666990756988525,10,0,-189.36,15007123.0234375,1,10,10,5,0,0,0,0,10,1,7,0,10,9,0,0,12,0,0,14,10,13,1,9,1,14,14
2024-09-15 19:29:48,6.8107850551605225,10,1,-182.19999999999993,26127610.23046875,0,10,10,8,0,0,0,0,10,0,5,0,10,8,0,0,12,0,0,15,10,12,1,8,0,15,14
2024-09-15 19:29:48,6.856168985366821,10,1,-182.39999999999995,17638136.551757812,0,10,10,8,0,0,0,0,10,1,4,0,10,14,0,0,6,0,0,16,10,6,0,14,1,16,13
2024-09-15 19:29:48,6.908225059509277,10,0,-183.23999999999998,29163368.08984375,1,11,11,8,0,0,0,2,10,2,10,0,10,9,2,2,11,0,0,13,11,11,4,10,3,13,17
2024-09-15 19:29:48,6.957140922546387,10,0,-187.8799999999999,19832429.2734375,1,10,10,6,0,0,0,0,10,2,7,0,10,12,0,0,6,0,0,18,10,6,1,13,1,18,14
2024-09-15 19:29:48,7.0019190311431885,10,0,-166.56,19657260.70703125,0,10,10,16,0,0,0,0,10,1,5,0,10,11,0,0,10,0,0,15,10,10,3,11,2,15,10
2024-09-15 19:29:48,7.04779314994812,10,1,-175.52000000000004,26163080.56640625,0,10,10,11,0,0,0,0,10,0,2,0,10,18,0,0,4,0,0,17,10,5,0,18,0,17,11
2024-09-15 19:29:48,7.092310905456543,10,1,-181.19999999999996,20880841.68359375,0,10,10,9,0,0,0,0,10,1,8,0,10,12,0,0,8,0,0,13,10,9,0,12,0,13,17
2024-09-15 19:29:48,7.156527996063232,10,1,-180.64,33410752.189453125,0,10,10,8,0,0,0,2,10,0,2,0,10,7,3,1,13,0,0,15,10,13,2,7,3,15,11
2024-09-15 19:29:48,7.232419013977051,10,1,-183.75999999999988,30002620.078125,1,10,10,8,0,0,0,1,10,1,11,0,10,13,1,1,6,0,0,12,10,6,1,14,2,12,19
2024-09-15 19:29:48,7.306134939193726,10,1,-174.32,26146962.203125,0,10,10,12,0,0,0,0,10,0,6,0,10,13,0,0,9,0,0,14,10,10,2,13,1,14,12
2024-09-15 19:29:48,7.378567218780518,10,0,-190.19999999999993,16948854.328125,0,10,10,4,0,0,0,0,10,0,5,0,10,14,0,0,6,0,0,16,10,7,1,14,0,16,13
2024-09-15 19:29:48,7.467839956283569,10,0,-186.40000000000003,22185867.8515625,1,10,10,6,0,0,0,1,10,2,3,0,10,13,1,1,10,0,0,13,10,10,3,13,1,13,11
2024-09-15 19:29:48,7.542200088500977,10,0,-179.99999999999997,34656684.83203125,0,10,10,9,0,0,0,0,10,0,4,0,10,10,0,0,10,0,0,17,10,11,1,10,2,17,10
2024-09-15 19:29:48,7.62390398979187,10,1,-177.44,31434721.2421875,1,10,10,11,0,0,0,0,10,2,5,0,10,7,0,0,12,0,0,17,10,12,0,7,1,17,14
2024-09-15 19:29:48,7.702024936676025,10,1,-188.99999999999991,28236164.16796875,0,10,10,5,0,0,0,0,10,1,7,0,10,4,0,0,16,0,0,14,10,16,1,5,0,14,15
2024-09-15 19:29:48,7.7835729122161865,10,0,-174.15999999999997,22546721.51171875,0,10,10,12,0,0,0,1,10,1,6,0,10,8,1,1,16,0,0,9,10,16,1,8,2,9,15
2024-09-15 19:29:48,7.857964038848877,10,0,-181.48,27428951.796875,0,10,10,8,0,0,0,1,10,0,4,0,10,16,2,0,5,0,0,13,10,5,1,17,2,13,12
2024-09-15 19:29:48,7.92647123336792,10,0,-182.0,32480410.25390625,0,10,10,8,0,0,0,0,10,1,2,0,10,8,0,0,12,0,0,18,10,12,0,8,0,18,12
2024-09-15 19:29:48,8.00014615058899,10,1,-182.28,30409321.79296875,0,10,10,8,0,0,0,0,10,2,2,0,10,4,0,2,17,0,0,17,10,17,2,5,1,17,10
2024-09-15 19:29:48,8.062487125396729,10,0,-185.32,40655430.078125,1,10,10,7,0,0,0,1,10,1,9,0,10,9,0,2,11,0,0,17,10,11,3,9,5,17,13
2024-09-15 19:29:48,8.167333126068115,10,1,-179.39999999999978,59891164.18359375,1,11,11,12,0,0,0,1,10,3,27,0,10,9,0,2,14,0,0,15,11,14,3,9,20,15,17
2024-09-15 19:29:48,8.235694169998169,10,0,-181.60000000000002,36383158.015625,0,10,10,8,0,0,0,0,10,0,2,0,10,10,0,0,10,0,0,18,10,10,0,10,0,18,12
2024-09-15 19:29:48,8.305575132369995,10,0,-184.07999999999998,36288390.2421875,0,10,10,7,0,0,0,0,10,0,5,0,10,11,0,2,10,0,0,15,10,10,2,11,0,15,15
2024-09-15 19:29:48,8.412019968032837,10,1,-189.7199999999999,62069233.921875,2,11,11,8,0,0,0,1,10,3,36,0,10,11,0,2,9,0,0,21,11,10,33,11,1,21,14
2024-09-15 19:29:48,8.463664054870605,10,0,-188.39999999999992,41593794.65234375,0,10,10,5,0,0,0,0,10,0,6,0,10,8,0,0,12,0,0,14,10,12,1,8,1,14,14
2024-09-15 19:29:48,8.616036176681519,10,1,-178.32000000000005,29700024.80859375,2,10,10,11,0,0,0,1,10,3,8,0,10,12,1,1,8,0,0,13,10,8,2,12,2,13,16
2024-09-15 19:29:48,8.70559310913086,10,1,-183.67999999999995,36882982.7421875,0,10,10,7,0,0,0,0,10,0,3,0,10,15,0,2,6,0,0,18,10,7,2,15,1,18,11
2024-09-15 19:29:48,8.752018928527832,10,2,-180.72,60210857.21875,1,10,10,9,0,0,0,0,10,1,4,0,10,17,0,0,5,0,0,14,10,6,1,17,0,14,12
2024-09-15 19:29:48,8.800267934799194,10,0,-187.56,32258895.6875,1,10,10,6,0,0,0,0,10,2,6,0,10,14,0,0,7,0,0,14,10,7,1,14,0,14,15
2024-09-15 19:29:48,8.84649395942688,10,2,-181.9199999999999,48202065.6875,0,10,10,8,0,0,0,0,10,0,4,0,10,13,0,0,9,0,0,15,10,10,1,13,0,15,12
2024-09-15 19:29:48,8.893064975738525,10,0,-178.31999999999996,42946019.8828125,0,10,10,10,0,0,0,0,10,0,6,0,10,8,1,1,12,0,0,14,10,12,1,10,2,14,13
2024-09-15 19:29:48,8.938928127288818,10,1,-171.96000000000004,46111784.5390625,0,10,10,13,0,0,0,0,10,0,4,0,10,11,0,0,10,0,0,15,10,10,0,11,0,15,14
2024-09-15 19:29:48,8.98459005355835,10,0,-180.20000000000005,54177183.359375,0,10,10,9,0,0,0,0,10,1,3,0,10,8,0,0,12,0,0,18,10,13,0,8,1,18,11
2024-09-15 19:29:48,9.031995058059692,10,0,-178.79999999999995,48021417.61328125,0,10,10,10,0,0,0,0,10,1,6,0,10,14,0,0,6,0,0,16,10,7,2,15,0,16,12
2024-09-15 19:29:48,9.076271057128906,10,0,-182.99999999999994,52466635.72265625,0,10,10,8,0,0,0,0,10,0,9,0,10,10,0,0,10,0,0,11,10,11,2,10,0,11,16
2024-09-15 19:29:48,9.125628232955933,10,0,-181.92000000000002,50018324.9609375,0,10,10,8,0,0,0,1,10,0,6,0,10,11,0,2,9,0,0,14,10,10,3,11,2,14,12
2024-09-15 19:29:48,9.180448055267334,10,2,-171.76,51150144.18359375,0,10,10,13,0,0,0,0,10,0,3,0,10,8,0,0,13,0,0,18,10,13,0,8,0,18,13
2024-09-15 19:29:48,9.249001026153564,10,0,-183.7199999999999,37203570.59375,0,10,10,7,0,0,0,1,10,0,6,0,10,10,4,2,11,0,0,11,10,11,2,10,4,11,16
2024-09-15 19:29:48,9.315027952194214,10,2,-175.8,52867480.171875,0,10,10,11,0,0,0,0,10,0,3,0,10,12,0,0,8,0,0,19,10,8,0,13,2,19,10
2024-09-15 19:29:48,9.379815101623535,10,1,-178.6,31854518.1640625,0,10,10,10,0,0,0,0,10,1,5,0,10,12,0,0,8,0,0,15,10,9,0,12,0,15,14
2024-09-15 19:29:48,9.439821004867554,10,0,-176.39999999999998,41604278.0,0,10,10,11,0,0,0,0,10,1,4,0,10,10,0,2,8,0,0,16,10,8,2,11,0,16,13
2024-09-15 19:29:48,9.505817174911499,10,0,-186.31999999999994,59117616.203125,0,11,11,6,0,0,0,1,10,1,8,0,10,16,0,2,9,0,0,13,11,9,2,17,4,13,14
2024-09-15 19:29:48,9.587304830551147,10,1,-177.48000000000002,74861995.2109375,2,12,12,11,0,0,0,2,10,3,8,0,10,13,0,4,6,0,0,21,12,6,5,14,0,21,18
2024-09-15 19:29:48,9.654215097427368,10,0,-182.16000000000003,66402803.3359375,0,10,10,8,0,0,0,0,10,0,5,0,10,12,0,0,9,0,0,15,10,9,2,12,1,15,12
2024-09-15 19:29:48,9.723379850387573,10,1,-178.16,59952998.71875,0,10,10,10,0,0,0,0,10,0,5,0,10,8,0,0,13,0,0,15,10,13,0,9,1,15,13
2024-09-15 19:29:48,9.790778160095215,10,0,-185.59999999999997,59505339.4921875,0,10,10,6,0,0,0,0,10,0,2,0,10,8,0,0,12,0,0,18,10,12,0,8,0,18,12
2024-09-15 19:29:48,9.860738039016724,10,0,-175.87999999999994,64458314.34375,0,10,10,11,0,0,0,1,10,1,4,0,10,9,1,1,12,0,0,14,10,12,1,10,2,14,12
2024-09-15 19:29:48,9.938660144805908,10,2,-170.2,82197483.4375,0,10,10,14,0,0,0,1,10,1,6,0,10,12,1,1,11,0,0,11,10,11,1,13,2,11,14
2024-09-15 19:29:48,10.022954940795898,10,0,-178.07999999999998,66839818.734375,0,10,10,10,0,0,0,0,10,0,5,0,10,11,0,2,10,0,0,15,10,10,2,11,1,15,14
2024-09-15 19:29:48,10.08292818069458,10,3,-169.76,87200391.71875,0,10,10,14,0,0,0,1,10,0,6,0,10,8,1,3,14,0,0,12,10,14,3,9,2,12,14
2024-09-15 19:29:48,10.139591932296753,10,1,-185.7199999999999,66515274.578125,0,10,10,6,0,0,0,0,10,0,3,0,10,10,0,2,10,0,0,17,10,10,2,10,1,17,12
2024-09-15 19:29:48,10.198832035064697,10,1,-182.79999999999995,107785627.203125,1,11,11,8,0,0,0,1,10,2,6,0,10,9,1,3,12,0,0,17,11,12,3,10,1,17,16
2024-09-15 19:29:48,10.249526977539062,10,1,-183.36,94659799.625,0,10,10,8,0,0,0,0,10,1,9,0,10,14,0,0,7,0,0,11,10,8,3,14,0,11,15
2024-09-15 19:29:48,10.303553104400635,10,2,-184.15999999999994,89125054.328125,0,10,10,7,0,0,0,0,10,1,3,0,10,12,0,0,9,0,0,17,10,9,0,14,0,17,11
2024-09-15 19:29:48,10.362797021865845,10,0,-174.0,95721373.5390625,0,10,10,12,0,0,0,0,10,1,2,0,10,6,0,0,14,0,0,19,10,14,2,6,0,19,10
2024-09-15 19:29:48,10.438819169998169,10,2,-176.52,133293632.109375,0,10,10,11,0,0,0,0,10,0,7,0,10,12,1,1,8,0,0,14,10,8,5,12,2,14,12
2024-09-15 19:29:48,10.536216020584106,10,2,-181.76,154481475.34375,1,12,12,8,0,0,0,2,10,1,6,0,10,12,0,6,8,0,0,20,12,8,6,12,0,20,18
2024-09-15 19:29:48,10.608806133270264,10,0,-188.0399999999999,80092423.78125,0,10,10,5,0,0,0,0,10,1,3,0,10,6,0,2,16,0,0,15,10,16,3,6,1,15,11
2024-09-15 19:29:48,10.681117057800293,10,1,-179.8,107061452.734375,0,10,10,9,0,0,0,0,10,0,3,0,10,8,0,0,12,0,0,17,10,12,0,8,0,17,13
2024-09-15 19:29:48,10.762120008468628,10,0,-177.76000000000005,126087493.28125,0,11,11,10,0,0,0,1,10,1,5,0,10,11,0,2,13,0,0,17,11,14,2,12,1,17,13
2024-09-15 19:29:48,10.831226110458374,10,2,-186.5999999999999,124828048.3203125,0,10,10,6,0,0,0,0,10,1,5,0,10,8,0,0,12,0,0,16,10,12,1,8,0,16,14
2024-09-15 19:29:48,10.902429819107056,10,2,-175.84,120752241.515625,0,10,10,11,0,0,0,1,10,0,6,0,10,11,3,1,9,0,0,12,10,9,2,11,3,12,15
2024-09-15 19:29:48,10.968649864196777,10,0,-178.12000000000003,103136658.15625,0,10,10,10,0,0,0,0,10,1,3,0,10,11,0,0,11,0,0,15,10,12,0,11,0,15,12
2024-09-15 19:29:48,11.046356916427612,10,3,-176.32,172298460.9375,0,10,10,11,0,0,0,1,10,0,8,0,10,10,1,1,10,0,0,15,10,11,2,10,4,15,13
2024-09-15 19:29:48,11.115628004074097,10,1,-183.08,134996350.36328125,0,10,10,7,0,0,0,1,10,0,2,0,10,8,3,1,11,0,0,17,10,11,1,9,3,17,11
2024-09-15 19:29:48,11.179678916931152,10,1,-178.72000000000003,128297347.984375,0,10,10,10,0,0,0,0,10,2,4,0,10,8,0,2,12,0,0,17,10,13,3,9,0,17,11
2024-09-15 19:29:48,11.2343430519104,10,1,-180.2,146770238.3515625,0,10,10,9,0,0,0,0,10,0,5,0,10,14,0,0,6,0,0,16,10,6,1,14,1,16,13
2024-09-15 19:29:48,11.29296612739563,10,0,-188.19999999999993,86817096.75,0,10,10,5,0,0,0,0,10,0,5,0,10,8,0,0,12,0,0,15,10,12,1,9,0,15,13
2024-09-15 19:29:48,11.364637851715088,10,1,-181.63999999999996,134626989.15625,1,10,10,9,0,0,0,0,10,1,8,0,10,10,0,0,9,0,0,15,10,9,3,10,1,15,14
2024-09-15 19:29:48,11.413921117782593,10,1,-180.76,106988821.3359375,0,10,10,9,0,0,0,0,10,1,6,0,10,13,0,0,8,0,0,13,10,8,2,13,0,13,14
2024-09-15 19:29:48,11.469573020935059,10,0,-186.36,131152803.03125,0,10,10,6,0,0,0,0,10,0,6,0,10,13,1,1,6,0,0,16,10,8,3,13,2,16,11
2024-09-15 19:29:48,11.544846057891846,10,0,-180.04000000000002,151854060.5625,0,10,10,9,0,0,0,0,10,1,3,0,10,13,0,2,9,0,0,15,10,11,2,13,0,15,11
2024-09-15 19:29:48,11.63060188293457,10,0,-192.24,108879094.671875,2,10,10,4,0,0,0,0,10,2,7,0,10,4,0,3,12,0,0,16,10,12,3,5,3,16,13
2024-09-15 19:29:48,11.711313247680664,10,1,-178.28,173651042.2890625,1,11,11,10,0,0,0,1,10,1,5,0,10,7,0,4,12,0,0,21,11,12,4,8,1,21,14
2024-09-15 19:29:48,11.770750045776367,10,0,-177.8,128530883.125,0,10,10,10,0,0,0,0,10,0,3,0,10,8,0,0,12,0,0,17,10,12,0,8,0,17,13
2024-09-15 19:30:32,0.612051248550415,10,49,197.04000000000147,58.50070336833596,4,11,11,173,0,0,0,7,9,4,58,0,9,157,112,96,156,0,1,77,11,170,114,164,127,77,15
2024-09-15 19:30:32,1.2875502109527588,10,49,452.2399999999932,112.78644192963839,1,15,15,272,0,0,0,8,8,1,25,0,8,180,178,161,177,0,2,16,15,183,164,187,182,16,20
2024-09-15 19:30:32,1.9078729152679443,10,2,436.9199999999936,124.27955363690853,0,15,15,284,0,0,0,11,9,2,22,0,9,188,182,139,159,0,1,21,15,162,144,192,189,21,18
2024-09-15 19:30:32,3.0848820209503174,10,49,522.0399999999881,144.37922616302967,0,11,11,307,0,0,0,5,8,1,23,0,8,182,166,167,206,0,2,22,11,213,170,189,171,22,12
2024-09-15 19:30:32,4.049699068069458,10,9,487.9199999999896,148.88265250623226,0,15,15,290,0,0,0,8,8,2,29,0,8,173,156,197,182,0,2,15,15,188,201,177,164,15,22
2024-09-15 19:30:32,4.968295097351074,10,28,514.879999999989,160.26432546973228,0,13,13,302,0,0,0,9,8,0,30,0,8,190,184,192,201,0,2,18,13,206,202,194,190,18,18
2024-09-15 19:30:32,5.826478958129883,10,49,748.3599999999808,186.4245237261057,0,13,13,375,0,0,0,10,6,0,19,0,6,257,243,190,199,0,4,22,13,201,194,261,247,22,18
2024-09-15 19:30:32,6.949074029922485,10,35,669.0399999999818,192.36149606108665,0,15,15,358,0,0,0,10,7,2,39,0,7,227,206,198,235,0,3,19,15,243,206,240,212,19,19
2024-09-15 19:30:32,7.96947717666626,10,42,596.7199999999865,169.9509378373623,0,12,12,321,0,0,0,9,7,0,13,0,7,198,203,186,196,0,3,14,12,200,187,200,207,14,14
2024-09-15 19:30:32,8.677258014678955,10,22,434.59999999999434,139.83831264078617,0,14,14,264,0,0,0,10,8,2,24,0,8,149,165,136,185,0,2,11,14,190,140,154,173,11,16
2024-09-15 19:30:32,9.551241159439087,10,49,756.2799999999811,199.16624611616135,0,11,11,360,0,0,0,9,5,1,29,0,5,231,212,222,252,0,5,17,11,258,227,242,216,17,14
2024-09-15 19:30:32,10.205021142959595,10,12,389.8399999999981,130.14052990078926,1,14,14,243,0,0,0,9,8,2,24,0,8,155,163,131,137,0,2,14,14,137,141,161,167,14,18
2024-09-15 19:30:32,11.451596975326538,10,49,798.5599999999777,219.67575012147427,0,15,15,398,0,0,0,13,6,0,29,0,6,233,261,247,263,0,4,24,15,265,257,240,271,24,15
2024-09-15 19:30:32,12.500191926956177,10,49,882.8399999999782,223.47864398360252,0,17,17,420,0,0,0,14,5,1,32,0,5,270,239,237,270,0,5,18,17,282,244,273,247,18,19
2024-09-15 19:30:32,13.437970161437988,10,13,761.3199999999813,198.14810578525066,0,16,16,360,0,0,0,16,5,0,24,0,5,237,233,222,221,0,5,16,16,227,233,240,235,16,18
2024-09-15 19:30:32,14.951903104782104,10,49,909.479999999971,269.2668846696615,0,9,9,457,0,0,0,5,6,0,83,0,6,313,286,270,338,0,4,25,9,352,278,361,296,25,12
2024-09-15 19:30:32,15.275032997131348,10,27,83.92,67.63050004839897,3,12,12,118,0,0,0,5,9,4,27,0,9,66,68,66,93,0,1,7,12,100,71,71,77,7,13
2024-09-15 19:30:32,16.33653497695923,10,49,804.5599999999777,218.59782074391842,0,14,14,401,0,0,0,10,6,0,27,0,6,277,248,228,276,0,4,17,14,281,235,282,256,17,16
2024-09-15 19:30:32,17.169563055038452,10,49,777.5999999999823,195.4963446110487,0,16,16,370,0,0,0,13,5,2,33,0,5,208,242,227,238,0,5,19,16,241,237,218,246,19,22
2024-09-15 19:30:32,17.992401123046875,10,49,732.95999999998,186.96012391149998,0,14,14,369,0,0,0,9,6,2,31,0,6,246,223,193,227,0,4,11,14,230,207,249,229,11,19
2024-09-15 19:30:32,18.80727505683899,10,2,357.63999999999214,129.08154527842999,0,18,18,244,0,0,0,11,9,1,10,0,9,196,132,106,167,0,1,24,18,169,107,200,135,24,18
2024-09-15 19:30:32,18.995073080062866,10,1,-122.44000000000018,28.858172357082367,0,11,11,36,0,0,0,3,10,0,10,0,10,15,35,24,30,0,0,12,11,32,27,17,35,12,14
2024-09-15 19:30:32,19.087716102600098,10,1,-170.44,23.60407644510269,4,10,10,16,0,0,0,0,10,4,12,0,10,10,8,9,2,0,0,19,10,2,12,10,8,19,19
2024-09-15 19:30:32,19.18086290359497,10,0,-170.68,64.15826235711575,4,11,11,16,0,0,0,1,10,6,12,0,10,4,15,9,0,0,0,19,11,2,13,5,15,19,16
2024-09-15 19:30:32,19.235048055648804,10,1,-184.6,71.60028299689293,4,10,10,9,0,0,0,0,10,4,10,0,10,0,2,12,1,0,0,21,10,3,12,1,2,21,17
2024-09-15 19:30:32,19.32931399345398,10,2,-184.19999999999993,430.8329530954361,7,11,11,10,0,0,0,1,10,7,8,0,10,2,0,6,2,0,0,44,11,3,6,3,0,44,17
2024-09-15 19:30:32,19.39717125892639,10,1,-189.23999999999998,603.8673596382141,4,10,10,6,0,0,0,0,10,4,3,0,10,1,0,12,1,0,0,25,10,2,12,2,0,25,11
2024-09-15 19:30:32,19.4653480052948,10,0,-200.35999999999999,551.4277091026306,7,10,10,2,0,0,0,0,10,8,3,0,10,0,1,5,0,0,0,33,10,1,6,0,1,33,11
2024-09-15 19:30:32,19.52045512199402,10,0,-192.63999999999996,1435.0329568386078,8,10,10,6,0,0,0,0,10,8,2,0,10,0,0,4,0,0,0,35,10,0,5,0,0,35,11
2024-09-15 19:30:32,19.58182120323181,10,1,-190.47999999999993,2973.8050758838654,6,10,10,6,0,0,0,0,10,6,0,0,10,0,0,8,0,0,0,46,10,0,8,0,0,46,10
2024-09-15 19:30:32,19.64501714706421,10,1,-198.92000000000004,5505.485450744629,6,11,11,2,0,0,0,1,10,6,6,0,10,0,0,11,1,0,0,29,11,1,11,1,1,29,15
2024-09-15 19:30:32,19.708537101745605,10,0,-191.43999999999994,7630.507863998413,5,10,10,5,0,0,0,1,10,6,0,0,10,1,3,9,1,0,0,30,10,1,9,1,3,30,10
2024-09-15 19:30:32,19.75749397277832,10,0,-192.1199999999999,18231.7283744812,7,10,10,6,0,0,0,0,10,7,4,0,10,3,0,4,0,0,0,29,10,0,5,4,1,29,11
2024-09-15 19:30:32,19.80989718437195,10,1,-194.39999999999992,29019.525634765625,7,10,10,5,0,0,0,0,10,8,4,0,10,0,2,6,2,0,0,32,10,6,6,0,2,32,10
2024-09-15 19:30:32,19.85635805130005,10,1,-197.67999999999995,34242.0807800293,9,10,10,4,0,0,0,0,10,9,3,0,10,0,0,3,0,0,0,35,10,1,3,0,0,35,12
2024-09-15 19:30:32,19.90345597267151,10,0,-197.92,48816.472595214844,7,10,10,3,0,0,0,0,10,7,3,0,10,0,2,4,1,0,0,32,10,3,5,0,2,32,10
2024-09-15 19:30:32,19.94783091545105,10,0,-193.68000000000004,70396.42993164062,9,10,10,6,0,0,0,0,10,9,3,0,10,0,0,3,0,0,0,34,10,0,4,1,0,34,11
2024-09-15 19:30:32,19.996517181396484,10,1,-184.5999999999999,105159.14074707031,3,10,10,8,0,0,0,0,10,3,4,0,10,0,1,14,0,0,0,23,10,0,15,3,1,23,10
2024-09-15 19:30:32,20.04257106781006,10,0,-194.07999999999998,141495.81356811523,6,10,10,5,0,0,0,0,10,8,4,0,10,2,2,4,0,0,0,29,10,0,5,2,2,29,13
2024-09-15 19:30:32,20.088263034820557,10,0,-187.92000000000002,197942.93197631836,7,10,10,8,0,0,0,0,10,7,3,0,10,0,1,6,0,0,0,30,10,0,8,0,1,30,11
2024-09-15 19:30:32,20.135261058807373,10,1,-185.63999999999996,188103.31048583984,4,10,10,8,0,0,0,0,10,4,5,0,10,0,0,13,1,0,0,24,10,1,13,1,1,24,13
2024-09-15 19:30:32,20.180591106414795,10,1,-194.64,410272.46716308594,8,10,10,5,0,0,0,0,10,8,2,0,10,0,0,4,0,0,0,34,10,0,4,2,0,34,10
2024-09-15 19:30:32,20.23245096206665,10,1,-189.0799999999999,473971.02478027344,6,10,10,7,0,0,0,0,10,6,3,0,10,0,0,8,0,0,0,29,10,1,9,0,0,29,11
2024-09-15 19:30:32,20.287676095962524,10,1,-192.87999999999997,578332.7575683594,6,10,10,5,0,0,0,0,10,6,2,0,10,0,0,8,0,0,0,30,10,0,9,0,0,30,11
2024-09-15 19:30:32,20.35863709449768,10,0,-193.64,558955.7521972656,5,10,10,4,0,0,0,0,10,5,1,0,10,0,2,11,1,0,0,26,10,2,11,0,2,26,10
2024-09-15 19:30:32,20.427348136901855,10,0,-200.75999999999996,767987.0495605469,7,10,10,2,0,0,0,0,10,9,3,0,10,0,0,6,0,0,0,32,10,0,7,1,0,32,11
2024-09-15 19:30:32,20.490888118743896,10,1,-196.95999999999995,1212384.9331054688,6,10,10,3,0,0,0,0,10,6,2,0,10,0,1,4,1,0,0,32,10,1,6,0,1,32,10
2024-09-15 19:30:32,20.53795599937439,10,1,-195.31999999999996,1269942.9516601562,8,10,10,5,0,0,0,0,10,9,4,0,10,0,1,5,1,0,0,30,10,1,6,1,1,30,12
2024-09-15 19:30:32,20.59393310546875,10,0,-195.95999999999998,3052602.90625,7,10,10,4,0,0,0,0,10,7,3,0,10,0,0,6,0,0,0,31,10,0,6,0,0,31,13
2024-09-15 19:30:32,20.64608907699585,10,1,-192.99999999999994,2606920.6240234375,6,10,10,5,0,0,0,0,10,7,1,0,10,3,1,4,2,0,0,31,10,2,4,4,1,31,10
2024-09-15 19:30:32,20.703269004821777,10,0,-193.03999999999996,3256614.2890625,6,10,10,5,0,0,0,0,10,6,3,0,10,4,0,4,1,0,0,30,10,1,5,4,0,30,12
2024-09-15 19:30:32,20.762201070785522,10,0,-196.15999999999997,3909908.6728515625,5,10,10,3,0,0,0,0,10,6,1,0,10,1,0,9,1,0,0,33,10,1,9,1,1,33,10
2024-09-15 19:30:32,20.80890703201294,10,1,-196.47999999999996,5643532.73828125,7,10,10,4,0,0,0,0,10,7,6,0,10,1,2,5,0,0,0,28,10,0,5,3,5,28,11
2024-09-15 19:30:32,20.854541063308716,10,2,-185.71999999999997,7193199.72265625,5,10,10,8,0,0,0,0,10,5,1,0,10,0,1,10,1,0,0,27,10,1,11,0,1,27,10
2024-09-15 19:30:32,20.899532079696655,10,1,-190.31999999999996,6481199.951171875,8,10,10,7,0,0,0,0,10,8,1,0,10,1,2,4,0,0,0,34,10,0,4,1,3,34,10
2024-09-15 19:30:32,20.9529390335083,10,1,-182.24000000000007,9368979.265625,5,11,11,10,0,0,0,1,10,5,7,0,10,0,0,13,1,0,0,28,11,2,14,0,2,28,14
2024-09-15 19:30:32,20.9978129863739,10,2,-193.71999999999994,10881199.69140625,7,10,10,5,0,0,0,0,10,7,2,0,10,0,1,6,0,0,0,31,10,1,6,0,1,31,11
2024-09-15 19:30:32,21.044203996658325,10,2,-185.99999999999994,10606196.7734375,5,10,10,8,0,0,0,0,10,5,2,0,10,0,0,10,0,0,0,30,10,0,11,0,1,30,10
2024-09-15 19:30:32,21.090497970581055,10,0,-199.39999999999995,21155571.55078125,9,10,10,3,0,0,0,0,10,9,2,0,10,2,1,2,0,0,0,34,10,1,2,2,1,34,11
2024-09-15 19:30:32,21.148040056228638,10,1,-180.75999999999993,29175190.921875,5,10,10,11,0,0,0,0,10,6,4,0,10,3,1,6,1,0,0,41,10,1,6,4,1,41,13
2024-09-15 19:30:32,21.19168210029602,10,1,-196.83999999999995,23616213.6015625,8,10,10,4,0,0,0,0,10,8,3,0,10,0,0,4,0,0,0,33,10,0,4,1,1,33,11
2024-09-15 19:30:32,21.266485929489136,10,0,-199.23999999999995,50364984.5859375,8,10,10,3,0,0,0,0,10,8,5,0,10,0,0,4,0,0,0,67,10,0,6,3,0,67,10
2024-09-15 19:30:32,21.313777208328247,10,1,-196.32,36329965.796875,7,10,10,4,0,0,0,0,10,8,3,0,10,0,0,7,0,0,0,33,10,1,7,1,1,33,10
2024-09-15 19:30:32,21.360213041305542,10,0,-188.56,35996306.8125,5,10,10,7,0,0,0,0,10,5,5,0,10,0,1,9,1,0,0,26,10,1,11,1,1,26,12
2024-09-15 19:30:32,21.405306100845337,10,0,-200.83999999999992,53883912.03125,6,10,10,1,0,0,0,0,10,6,2,0,10,0,0,9,0,0,0,30,10,1,9,1,0,30,10
2024-09-15 19:30:32,21.44945192337036,10,0,-196.1199999999999,65302414.25,4,10,10,3,0,0,0,0,10,5,5,0,10,0,0,12,0,0,0,23,10,4,12,0,0,23,11
2024-09-15 19:30:32,21.496002912521362,10,1,-195.55999999999995,77284099.25,7,10,10,4,0,0,0,0,10,7,1,0,10,4,0,2,0,0,0,33,10,0,3,4,0,33,10
2024-09-15 19:30:32,21.540894269943237,10,1,-191.9199999999999,83611372.59375,7,10,10,6,0,0,0,0,10,7,3,0,10,0,0,7,0,0,0,31,10,0,8,1,0,31,11
2024-09-15 19:30:32,21.587337970733643,10,1,-187.27999999999997,99101502.28125,4,10,10,7,0,0,0,0,10,4,3,0,10,0,1,11,1,0,0,25,10,1,12,0,2,25,11
2024-09-15 19:30:32,21.631720066070557,10,0,-184.88,123959730.875,4,10,10,8,0,0,0,0,10,4,1,0,10,0,1,12,0,0,0,26,10,1,12,0,1,26,10
2024-09-15 19:30:32,21.676202058792114,10,1,-193.55999999999995,159716573.6875,7,10,10,5,0,0,0,0,10,7,1,0,10,0,0,6,0,0,0,33,10,0,6,0,0,33,11
2024-09-15 19:30:32,21.72361993789673,10,0,-187.84000000000003,168410048.75,9,10,10,9,0,0,0,0,10,9,4,0,10,0,1,3,0,0,0,35,10,0,4,2,1,35,11
2024-09-15 19:30:32,21.772303104400635,10,1,-198.35999999999996,187224529.0625,7,10,10,3,0,0,0,0,10,8,3,0,10,2,0,3,1,0,0,32,10,2,4,2,1,32,10
2024-09-15 19:30:32,21.844311952590942,10,1,-192.63999999999996,209077995.375,6,10,10,5,0,0,0,0,10,6,1,0,10,0,0,9,0,0,0,31,10,1,9,0,0,31,10
2024-09-15 19:30:32,21.893642902374268,10,0,-200.71999999999994,274489937.0,8,10,10,2,0,0,0,0,10,8,3,0,10,1,1,5,0,0,0,33,10,1,5,1,2,33,11
2024-09-15 19:30:32,21.944340229034424,10,1,-194.44,249444677.875,8,10,10,5,0,0,0,0,10,8,2,0,10,0,1,7,1,0,0,31,10,1,7,1,1,31,11
2024-09-15 19:30:32,22.000179052352905,10,0,-191.6399999999999,327821496.25,7,11,11,6,0,0,0,1,10,7,5,0,10,1,0,8,0,0,0,33,11,0,10,2,0,33,13
2024-09-15 19:30:32,22.048274040222168,10,0,-199.27999999999992,300912370.0,9,10,10,3,0,0,0,0,10,9,1,0,10,0,1,2,0,0,0,36,10,0,2,1,1,36,10
2024-09-15 19:30:32,22.09321117401123,10,0,-191.79999999999998,361223097.625,5,10,10,5,0,0,0,0,10,5,1,0,10,2,0,8,0,0,0,29,10,0,8,2,0,29,11
2024-09-15 19:30:32,22.14268207550049,10,0,-192.47999999999996,409013606.25,6,10,10,5,0,0,0,0,10,6,0,0,10,0,0,8,0,0,0,32,10,0,8,0,0,32,10
2024-09-15 19:30:32,22.191752195358276,10,0,-198.36000000000004,493668438.5,9,10,10,4,0,0,0,0,10,10,4,0,10,0,1,0,0,0,0,35,10,1,1,0,1,35,12
2024-09-15 19:30:32,22.243144035339355,10,1,-194.76,572406346.75,8,10,10,5,0,0,0,0,10,8,3,0,10,0,2,4,0,0,0,32,10,0,5,0,4,32,10
2024-09-15 19:30:32,22.294146060943604,10,0,-199.0,622952886.5,8,10,10,3,0,0,0,0,10,8,4,0,10,0,0,5,0,0,0,34,10,0,6,1,0,34,12
2024-09-15 19:30:32,22.34386706352234,10,0,-195.47999999999996,606323937.25,9,10,10,5,0,0,0,0,10,9,2,0,10,0,0,2,1,0,0,35,10,1,3,0,0,35,11
2024-09-15 19:30:32,22.405932903289795,10,0,-202.0399999999999,1094617199.25,10,11,11,2,0,0,0,1,10,11,3,0,10,1,1,7,0,0,0,40,11,0,7,1,1,40,14
2024-09-15 19:30:32,22.459556102752686,10,0,-191.91999999999993,911699334.0,7,10,10,6,0,0,0,0,10,7,3,0,10,0,0,7,0,0,0,30,10,0,8,1,0,30,11
2024-09-15 19:30:32,22.514633893966675,10,0,-195.99999999999997,1221364334.0,7,10,10,4,0,0,0,0,10,8,2,0,10,1,0,9,0,0,0,34,10,1,9,1,0,34,11
2024-09-15 19:30:32,22.568799257278442,10,0,-183.67999999999998,1168540758.5,5,10,10,9,0,0,0,0,10,5,1,0,10,0,0,11,2,0,0,28,10,3,11,0,0,28,10
2024-09-15 19:30:32,22.61732006072998,10,3,-183.19999999999996,1159341298.5,6,10,10,10,0,0,0,0,10,7,2,0,10,0,1,9,0,0,0,30,10,1,9,0,1,30,11
2024-09-15 19:30:32,22.66477608680725,10,0,-195.04,1379858894.0,8,10,10,5,0,0,0,0,10,9,2,0,10,0,1,2,1,0,0,34,10,1,2,0,1,34,12
2024-09-15 19:30:32,22.715245962142944,10,0,-197.6799999999999,1531999715.0,9,10,10,4,0,0,0,0,10,9,3,0,10,0,0,2,1,0,0,37,10,1,3,1,0,37,11
2024-09-15 19:30:32,22.76959204673767,10,0,-201.31999999999994,2137918268.0,7,10,10,2,0,0,0,0,10,9,6,0,10,1,0,2,4,0,0,30,10,6,4,3,0,30,10
2024-09-15 19:30:32,22.82367706298828,10,1,-196.0,2241978814.0,8,10,10,4,0,0,0,0,10,8,0,0,10,2,1,6,1,0,0,35,10,1,6,2,1,35,10
2024-09-15 19:30:32,22.88447618484497,10,0,-198.99999999999994,2936500967.0,8,10,10,3,0,0,0,0,10,8,4,0,10,0,0,5,0,0,0,46,10,1,5,0,1,46,12
2024-09-15 19:30:32,22.947259187698364,10,0,-197.55999999999995,3176074112.0,9,10,10,4,0,0,0,0,10,9,3,0,10,0,1,5,0,0,0,52,10,3,5,0,1,52,10
2024-09-15 19:30:32,23.004841089248657,10,0,-196.11999999999995,3177272021.0,10,10,10,5,0,0,0,0,10,10,1,0,10,0,1,1,0,0,0,46,10,0,1,0,1,46,11
2024-09-15 19:30:32,23.057414054870605,10,0,-202.68,2966526376.0,10,10,10,2,0,0,0,0,10,10,4,0,10,0,1,1,1,0,0,33,10,1,2,0,1,33,13
2024-09-15 19:30:32,23.108519077301025,10,1,-199.0799999999999,3894012334.0,10,10,10,4,0,0,0,0,10,10,6,0,10,0,0,3,0,0,0,35,10,1,5,0,0,35,13
2024-09-15 19:30:32,23.255043983459473,10,0,-205.03999999999897,15353165318.0,9,10,10,8,0,0,0,0,10,10,80,0,10,1,1,12,0,0,0,56,10,5,86,1,2,56,10
2024-09-15 19:30:32,23.311585903167725,10,0,-199.3599999999999,6237967428.0,9,10,10,3,0,0,0,0,10,9,2,0,10,0,0,6,0,0,0,37,10,1,7,0,0,37,10
2024-09-15 19:30:32,23.365103006362915,10,0,-203.71999999999983,6733639916.0,9,10,10,1,0,0,0,0,10,9,4,0,10,1,0,6,0,0,0,34,10,0,8,1,2,34,10
2024-09-15 19:30:32,23.417911052703857,10,0,-198.31999999999996,6943082136.0,9,10,10,4,0,0,0,0,10,9,6,0,10,1,0,1,0,0,0,34,10,0,2,2,0,34,14
2024-09-15 19:30:32,23.47061800956726,10,0,-202.47999999999993,7084399504.0,10,10,10,2,0,0,0,0,10,10,3,0,10,0,0,2,1,0,0,37,10,1,2,1,0,37,12
2024-09-15 19:30:32,23.525488138198853,10,1,-196.31999999999996,7149427488.0,10,10,10,5,0,0,0,0,10,10,2,0,10,0,0,2,0,0,0,38,10,1,3,0,0,38,10
2024-09-15 19:30:32,23.602423906326294,10,0,-200.36,14417987356.0,9,10,10,3,0,0,0,0,10,10,4,0,10,1,0,0,0,0,0,64,10,0,1,1,1,64,12
2024-09-15 19:30:32,23.687469005584717,10,0,-204.43999999999986,19164621504.0,10,10,10,1,0,0,0,0,10,10,5,0,10,0,1,13,0,0,0,61,10,1,14,1,1,61,12
2024-09-15 19:30:32,23.737653017044067,10,0,-202.27999999999992,12421897920.0,10,10,10,2,0,0,0,0,10,10,2,0,10,1,0,2,0,0,0,38,10,0,2,3,0,38,10
2024-09-15 19:30:32,23.798705101013184,10,0,-200.91999999999976,16383699424.0,9,10,10,2,0,0,0,0,10,10,0,0,10,0,0,14,3,0,0,38,10,3,14,0,0,38,10
2024-09-15 19:30:32,23.86675715446472,10,0,-201.95999999999995,21545322040.0,10,10,10,2,0,0,0,0,10,10,4,0,10,0,0,21,0,0,0,36,10,1,22,0,0,36,12
2024-09-15 19:30:32,23.91899609565735,10,0,-199.95999999999998,14676597200.0,10,10,10,3,0,0,0,0,10,10,1,0,10,0,1,5,0,0,0,38,10,0,5,0,1,38,11
2024-09-15 19:30:32,23.98031210899353,10,1,-195.87999999999994,21738959104.0,10,10,10,5,0,0,0,0,10,10,2,0,10,0,1,12,0,0,0,39,10,0,14,0,1,39,10
2024-09-15 19:30:32,24.037708044052124,10,1,-197.59999999999994,21289457584.0,9,10,10,4,0,0,0,0,10,9,4,0,10,0,0,8,2,0,0,35,10,2,10,0,2,35,10
2024-09-15 19:30:32,24.108736038208008,10,0,-195.43999999999988,20843850320.0,9,10,10,5,0,0,0,0,10,9,3,0,10,0,2,7,0,0,0,35,10,0,8,0,2,35,12
2024-09-15 19:30:32,24.164703845977783,10,1,-200.71999999999997,24303197688.0,10,10,10,3,0,0,0,0,10,10,4,0,10,0,0,2,0,0,0,37,10,1,3,1,0,37,11
2024-09-15 19:30:32,24.214359998703003,10,0,-193.83999999999997,21912429840.0,9,10,10,6,0,0,0,0,10,10,2,0,10,1,1,2,0,0,0,36,10,1,2,1,1,36,11
2024-09-15 19:30:32,24.27186393737793,10,1,-198.55999999999995,32118146320.0,8,10,10,3,0,0,0,0,10,9,1,0,10,0,1,8,2,0,0,36,10,2,8,0,1,36,11
2024-09-15 19:30:32,24.33383011817932,10,0,-197.79999999999998,35572316624.0,10,10,10,4,0,0,0,0,10,10,2,0,10,0,1,13,1,0,0,38,10,1,14,0,1,38,11
2024-09-15 19:30:32,24.38573408126831,10,1,-195.99999999999997,37709308784.0,10,10,10,5,0,0,0,0,10,10,1,0,10,0,1,4,0,0,0,38,10,0,5,0,1,38,10
2024-09-15 19:30:32,24.436954975128174,10,1,-195.75999999999988,29110839872.0,9,10,10,5,0,0,0,0,10,9,4,0,10,1,0,4,1,0,0,34,10,1,5,2,0,34,12
2024-09-15 19:30:32,24.493226051330566,10,0,-198.31999999999994,38181998560.0,7,10,10,3,0,0,0,0,10,9,2,0,10,0,1,9,2,0,0,35,10,2,10,0,1,35,11
2024-09-15 19:30:32,24.63874912261963,10,0,-213.35999999999896,143235053408.0,10,10,10,5,0,0,0,0,10,10,89,0,10,1,2,6,2,0,0,39,10,2,90,2,3,39,13
2024-09-15 19:30:32,24.69131112098694,10,0,-196.31999999999994,42343435616.0,10,10,10,5,0,0,0,0,10,10,2,0,10,0,0,2,0,0,0,38,10,1,2,0,0,38,11
2024-09-15 19:30:32,24.75253915786743,10,0,-184.03999999999996,70158132160.0,9,10,10,11,0,0,0,0,10,10,5,0,10,0,0,11,3,0,0,33,10,3,13,2,0,33,11
2024-09-15 19:30:32,24.800485134124756,10,0,-200.75999999999996,52953298624.0,10,10,10,3,0,0,0,0,10,10,4,0,10,0,0,0,1,0,0,36,10,1,2,1,0,36,11
2024-09-15 19:30:32,24.848307132720947,10,0,-203.95999999999998,59347884640.0,10,10,10,1,0,0,0,0,10,10,0,0,10,0,0,0,1,0,0,40,10,1,0,0,0,40,10
2024-09-15 19:30:32,24.895348072052002,10,1,-198.11999999999992,58313827968.0,9,10,10,4,0,0,0,0,10,10,3,0,10,0,0,0,2,0,0,35,10,2,2,0,0,35,11
2024-09-15 19:30:32,24.944218158721924,10,0,-198.27999999999997,62262730048.0,10,10,10,4,0,0,0,0,10,10,2,0,10,0,0,0,3,0,0,37,10,5,0,0,0,37,10
2024-09-15 19:30:32,25.0014431476593,10,0,-198.07999999999996,70011044800.0,9,10,10,4,0,0,0,0,10,10,3,0,10,1,1,1,0,0,0,39,10,0,1,2,1,39,12
2024-09-15 19:30:32,25.060644149780273,10,1,-196.56000000000003,68539492864.0,10,10,10,5,0,0,0,0,10,10,3,0,10,0,0,0,1,0,0,37,10,2,0,0,1,37,11
2024-09-15 19:30:32,25.11829400062561,10,1,-197.72,73471994848.0,9,10,10,4,0,0,0,0,10,9,3,0,10,0,0,2,0,0,0,35,10,0,2,1,0,35,12
2024-09-15 19:30:32,25.179537057876587,10,0,-197.92,75738664064.0,9,10,10,4,0,0,0,0,10,10,2,0,10,0,0,2,0,0,0,38,10,0,2,1,1,38,10
2024-09-15 19:30:32,25.244354009628296,10,1,-196.35999999999987,90903700928.0,9,10,10,5,0,0,0,0,10,10,5,0,10,2,0,0,4,0,0,35,10,4,0,3,2,35,12
2024-09-15 19:30:32,25.30327010154724,10,0,-192.99999999999997,88643642368.0,7,10,10,6,0,0,0,0,10,9,4,0,10,0,1,3,1,0,0,32,10,5,3,0,1,32,10
2024-09-15 19:30:32,25.36076307296753,10,0,-194.88,90643268736.0,8,10,10,5,0,0,0,0,10,8,3,0,10,0,0,2,1,0,0,35,10,1,3,0,1,35,11
2024-09-15 19:30:32,25.41797709465027,10,0,-200.79999999999995,98143572224.0,10,10,10,3,0,0,0,0,10,10,4,0,10,0,0,0,0,0,0,36,10,0,0,1,1,36,12
2024-09-15 19:30:32,25.53560709953308,10,1,-200.12,317191026304.0,9,10,10,3,0,0,0,0,10,9,5,0,10,0,0,0,2,0,0,112,10,2,3,0,0,112,12
2024-09-15 19:30:32,25.622372150421143,10,0,-204.39999999999992,249365272832.0,9,10,10,1,0,0,0,0,10,10,5,0,10,2,1,2,0,0,0,73,10,0,3,3,2,73,12
2024-09-15 19:30:32,25.674946069717407,10,0,-196.59999999999994,153694429568.0,10,10,10,5,0,0,0,0,10,10,3,0,10,0,0,0,0,0,0,42,10,0,0,0,2,42,11
2024-09-15 19:30:32,25.72278118133545,10,0,-198.59999999999997,138583794816.0,10,10,10,4,0,0,0,0,10,10,3,0,10,0,0,0,0,0,0,38,10,0,0,1,0,38,12
2024-09-15 19:30:32,25.7708740234375,10,0,-194.4,133299700096.0,8,10,10,5,0,0,0,0,10,8,1,0,10,1,0,3,1,0,0,34,10,1,4,1,0,34,10
2024-09-15 19:30:32,25.817792892456055,10,0,-198.55999999999997,139117029888.0,10,10,10,4,0,0,0,0,10,10,3,0,10,1,0,0,0,0,0,37,10,0,0,2,1,37,11
2024-09-15 19:30:32,25.86715006828308,10,0,-202.27999999999994,176653795456.0,9,10,10,2,0,0,0,0,10,9,6,0,10,2,0,1,0,0,0,34,10,1,2,3,1,34,12
2024-09-15 19:30:32,25.91330599784851,10,1,-195.24000000000004,184086007680.0,8,10,10,5,0,0,0,0,10,9,3,0,10,1,0,0,3,0,0,33,10,3,2,1,0,33,11
2024-09-15 19:30:32,25.959667205810547,10,1,-199.67999999999995,160845628416.0,8,10,10,3,0,0,0,0,10,9,5,0,10,0,2,0,1,0,0,32,10,2,1,1,2,32,12
2024-09-15 19:30:32,26.00609302520752,10,1,-195.47999999999996,186357941376.0,9,10,10,5,0,0,0,0,10,9,2,0,10,0,0,0,3,0,0,35,10,3,1,0,0,35,11
2024-09-15 19:30:32,26.051860094070435,10,1,-195.75999999999996,206553887744.0,9,10,10,5,0,0,0,0,10,10,1,0,10,0,1,0,0,0,0,38,10,0,0,1,1,38,10
2024-09-15 19:30:32,26.12669610977173,10,0,-199.91999999999996,226121248128.0,9,10,10,3,0,0,0,0,10,9,4,0,10,0,0,2,0,0,0,34,10,3,2,0,1,34,10
2024-09-15 19:30:32,26.222506999969482,10,1,-194.19999999999996,198531643648.0,10,10,10,6,0,0,0,0,10,10,1,0,10,0,0,0,0,0,0,39,10,0,0,0,1,39,10
2024-09-15 19:30:32,26.351319074630737,10,1,-204.35999999999996,245599919872.0,10,10,10,1,0,0,0,0,10,10,2,0,10,0,0,0,1,0,0,40,10,1,1,0,0,40,11
2024-09-15 19:30:32,26.411259174346924,10,0,-202.16000000000003,275123878016.0,9,10,10,2,0,0,0,0,10,10,3,0,10,1,0,0,0,0,0,37,10,0,0,2,0,37,12
2024-09-15 19:30:32,26.457738876342773,10,0,-197.31999999999996,211188079616.0,9,10,10,4,0,0,0,0,10,9,1,0,10,0,2,0,0,0,0,37,10,0,0,0,2,37,11
2024-09-15 19:30:32,26.504898071289062,10,0,-201.87999999999994,232873074816.0,9,10,10,2,0,0,0,0,10,9,4,0,10,0,1,2,0,0,0,35,10,1,3,0,1,35,12
2024-09-15 19:30:32,26.553455114364624,10,0,-198.36,265359058176.0,10,10,10,4,0,0,0,0,10,10,2,0,10,0,0,1,0,0,0,37,10,0,1,2,0,37,10
2024-09-15 19:30:32,26.599911212921143,10,0,-200.19999999999996,307224341376.0,10,10,10,3,0,0,0,0,10,10,1,0,10,0,0,0,0,0,0,39,10,0,0,0,0,39,11
2024-09-15 19:30:32,26.64927315711975,10,0,-204.92000000000002,321984476544.0,10,10,10,1,0,0,0,0,10,10,5,0,10,1,0,0,1,0,0,33,10,2,2,3,0,33,10
2024-09-15 19:30:32,26.69779396057129,10,1,-197.87999999999997,274007136768.0,8,10,10,4,0,0,0,0,10,10,4,0,10,0,2,0,1,0,0,33,10,1,1,1,2,33,12
2024-09-15 19:30:32,26.746056079864502,10,0,-201.51999999999998,338954709760.0,9,10,10,2,0,0,0,0,10,10,0,0,10,1,1,0,0,0,0,38,10,0,0,1,1,38,10
2024-09-15 19:30:32,26.79768705368042,10,0,-198.27999999999997,427851285760.0,10,11,11,4,0,0,0,1,10,11,3,0,10,0,0,2,1,0,0,40,11,2,2,0,0,40,13
2024-09-15 19:30:32,26.84418296813965,10,0,-202.60000000000002,312257188352.0,10,10,10,2,0,0,0,0,10,10,3,0,10,0,0,0,0,0,0,37,10,0,0,1,0,37,12
2024-09-15 19:30:32,26.896668195724487,10,1,-200.36,326046832640.0,10,10,10,3,0,0,0,0,10,10,2,0,10,1,0,0,0,0,0,38,10,0,1,2,0,38,10
2024-09-15 19:30:32,26.952638864517212,10,0,-200.28000000000003,395381454336.0,10,10,10,3,0,0,0,0,10,10,2,0,10,0,1,1,1,0,0,38,10,1,1,1,2,38,10
2024-09-15 19:30:32,27.002045154571533,10,0,-197.87999999999997,435789585152.0,9,10,10,4,0,0,0,0,10,9,4,0,10,2,0,1,0,0,0,36,10,0,3,4,0,36,10
2024-09-15 19:30:32,27.05339789390564,10,1,-195.71999999999997,387757855744.0,9,10,10,5,0,0,0,0,10,10,1,0,10,0,0,2,0,0,0,37,10,0,2,1,0,37,10
2024-09-15 19:30:32,27.102377891540527,10,1,-200.9600000000001,504584258816.0,10,10,10,3,0,0,0,0,10,10,5,0,10,1,0,0,0,0,0,35,10,1,0,1,2,35,12
2024-09-15 19:30:32,27.152783155441284,10,1,-200.15999999999997,431015179008.0,9,10,10,3,0,0,0,0,10,10,3,0,10,1,0,0,0,0,0,38,10,0,1,1,0,38,12
2024-09-15 19:30:32,27.199914932250977,10,1,-200.11999999999998,528206788352.0,10,10,10,3,0,0,0,0,10,10,1,0,10,1,0,0,1,0,0,38,10,1,0,1,0,38,11
2024-09-15 19:30:32,27.251853942871094,10,0,-200.31999999999994,589195037184.0,10,10,10,3,0,0,0,0,10,10,2,0,10,1,0,1,0,0,0,39,10,1,1,1,0,39,11
2024-09-15 19:30:32,27.298764944076538,10,1,-192.59999999999994,504507826176.0,7,10,10,6,0,0,0,0,10,9,2,0,10,1,2,2,0,0,0,34,10,0,2,1,3,34,11
2024-09-15 19:30:32,27.345906019210815,10,0,-197.07999999999993,566287773184.0,7,10,10,4,0,0,0,0,10,9,4,0,10,1,0,0,2,0,0,34,10,2,1,2,1,34,11
2024-09-15 19:30:32,27.392176151275635,10,1,-197.31999999999994,617539174400.0,8,10,10,4,0,0,0,0,10,8,5,0,10,0,1,0,1,0,0,33,10,2,1,2,1,33,11
2024-09-15 19:30:32,27.49782109260559,10,0,-199.79999999999998,1803294746112.0,9,10,10,3,0,0,0,0,10,9,4,0,10,1,1,1,2,0,0,95,10,2,2,3,1,95,11
2024-09-15 19:30:32,27.553001880645752,10,1,-198.11999999999995,659853671424.0,10,10,10,4,0,0,0,0,10,10,1,0,10,1,1,0,0,0,0,40,10,0,1,1,1,40,10
2024-09-15 19:30:32,27.601062059402466,10,0,-199.71999999999994,819204834304.0,9,10,10,3,0,0,0,0,10,9,3,0,10,0,1,0,1,0,0,35,10,2,0,0,1,35,12
2024-09-15 19:30:32,27.64811897277832,10,0,-197.92,756525355520.0,9,10,10,4,0,0,0,0,10,10,2,0,10,0,1,1,0,0,0,37,10,1,1,0,2,37,10
2024-09-15 19:30:32,27.69687008857727,10,1,-200.72,857789658112.0,10,10,10,3,0,0,0,0,10,10,4,0,10,0,1,0,1,0,0,36,10,1,2,0,1,36,12
2024-09-15 19:30:32,27.74766206741333,10,0,-202.75999999999993,659990328320.0,10,10,10,2,0,0,0,0,10,10,4,0,10,0,1,0,0,0,0,35,10,1,0,0,2,35,12
2024-09-15 19:30:32,27.7938711643219,10,1,-198.32000000000005,947150677504.0,9,10,10,4,0,0,0,0,10,10,4,0,10,0,0,2,0,0,0,34,10,0,3,1,1,34,11
2024-09-15 19:30:32,27.84191608428955,10,0,-200.67999999999995,807776777216.0,10,10,10,3,0,0,0,0,10,10,4,0,10,0,0,3,0,0,0,35,10,1,4,1,0,35,11
2024-09-15 19:30:32,27.906904935836792,10,0,-196.83999999999997,1230561687040.0,10,10,10,5,0,0,0,0,10,10,5,0,10,1,1,1,1,0,0,53,10,2,2,3,2,53,10
2024-09-15 19:30:32,27.954636096954346,10,1,-197.35999999999996,952618478080.0,9,10,10,4,0,0,0,0,10,9,1,0,10,0,1,0,0,0,0,38,10,0,0,0,1,38,11
2024-09-15 19:30:32,28.002403020858765,10,0,-203.24000000000004,1081528484864.0,9,10,10,1,0,0,0,0,10,9,1,0,10,0,2,2,0,0,0,36,10,0,2,0,2,36,11
2024-09-15 19:30:32,28.056658029556274,10,1,-195.31999999999994,1033225660928.0,7,10,10,5,0,0,0,0,10,10,4,0,10,1,1,4,1,0,0,32,10,2,5,2,1,32,11
2024-09-15 19:30:32,28.106739044189453,10,0,-196.68,1110036890624.0,10,10,10,5,0,0,0,0,10,10,4,0,10,0,1,2,0,0,0,36,10,2,2,1,2,36,10
2024-09-15 19:30:32,28.154871940612793,10,0,-199.92000000000002,1081894830592.0,9,10,10,3,0,0,0,0,10,9,4,0,10,0,0,2,0,0,0,35,10,0,2,1,2,35,11
2024-09-15 19:30:32,28.20201015472412,10,1,-200.19999999999996,1297309610496.0,10,10,10,3,0,0,0,0,10,10,1,0,10,0,0,0,0,0,0,39,10,1,0,0,0,39,10
2024-09-15 19:30:32,28.250258207321167,10,0,-198.11999999999998,1262499853312.0,9,10,10,4,0,0,0,0,10,10,3,0,10,0,0,2,0,0,0,36,10,0,3,0,1,36,11
2024-09-15 19:30:32,28.319481134414673,10,1,-196.95999999999998,2173335093248.0,9,11,11,4,0,0,0,1,10,9,3,0,10,3,0,2,1,0,0,57,11,1,2,4,0,57,13
2024-09-15 19:30:32,28.365982055664062,10,0,-206.39999999999998,1422098017280.0,10,10,10,0,0,0,0,0,10,10,2,0,10,0,0,0,0,0,0,39,10,1,0,0,0,39,11
2024-09-15 19:30:32,28.412063121795654,10,0,-200.56,1483113900032.0,10,10,10,3,0,0,0,0,10,10,3,0,10,0,1,0,0,0,0,37,10,0,0,0,2,37,12
2024-09-15 19:30:32,28.45991015434265,10,0,-201.51999999999998,1316016749568.0,9,10,10,2,0,0,0,0,10,10,0,0,10,1,0,0,1,0,0,38,10,1,0,1,0,38,10
2024-09-15 19:30:32,28.506996870040894,10,0,-202.40000000000003,1486286036992.0,10,10,10,2,0,0,0,0,10,10,2,0,10,0,0,0,0,0,0,38,10,0,1,0,0,38,11
2024-09-15 19:30:32,28.559505224227905,10,1,-200.07999999999996,1430697745408.0,10,10,10,3,0,0,0,0,10,10,1,0,10,0,0,0,3,0,0,39,10,3,0,1,0,39,10
2024-09-15 19:30:32,28.610472202301025,10,0,-194.83999999999997,1783058707456.0,7,10,10,5,0,0,0,0,10,10,1,0,10,1,1,2,0,0,0,35,10,0,2,1,1,35,11
2024-09-15 19:30:32,28.65750503540039,10,0,-202.19999999999996,1800809672704.0,10,10,10,2,0,0,0,0,10,10,1,0,10,0,0,0,0,0,0,39,10,1,0,0,0,39,10
2024-09-15 19:30:32,28.706191062927246,10,1,-197.83999999999997,1780659323904.0,9,10,10,4,0,0,0,0,10,10,2,0,10,1,1,0,2,0,0,36,10,2,2,1,1,36,10
2024-09-15 19:30:32,28.752404928207397,10,0,-199.75999999999996,2057776058368.0,9,10,10,3,0,0,0,0,10,10,1,0,10,0,1,0,0,0,0,39,10,0,0,1,1,39,10
2024-09-15 19:30:32,28.799957990646362,10,0,-199.95999999999995,1696920167424.0,10,10,10,3,0,0,0,0,10,10,0,0,10,0,0,1,0,0,0,39,10,0,1,0,0,39,10
2024-09-15 19:30:32,28.84602999687195,10,0,-197.19999999999996,1832837688320.0,10,10,10,5,0,0,0,0,10,10,6,0,10,0,0,0,0,0,0,34,10,0,0,3,0,34,13
2024-09-15 19:30:32,28.893187999725342,10,1,-204.11999999999995,1826570496000.0,9,10,10,1,0,0,0,0,10,10,3,0,10,1,1,0,0,0,0,36,10,1,1,2,1,36,10
2024-09-15 19:30:32,28.938960075378418,10,0,-193.88,2204043266048.0,9,10,10,6,0,0,0,0,10,9,4,0,10,0,1,0,2,0,0,34,10,2,1,1,1,34,12
