Start Timestamp,Elapsed Time (s),Rounds Played,Score,Total Reward,Loss,BOILING,BOMB_DROPPED,BOMB_EXPLODED,COIN_COLLECTED,COIN_FOUND,COOL,CRATE_DESTROYED,FRESHENED_UP,GOT_KILLED,HOT,INVALID_ACTION,KILLED_OPPONENT,KILLED_SELF,MOVED_DOWN,MOVED_LEFT,MOVED_RIGHT,MOVED_UP,OPPONENT_ELIMINATED,SURVIVED_ROUND,USELESS_BOMB,WAITED,WARM,UP,RIGHT,DOWN,LEFT,WAIT,BOMB
2024-09-18 11:46:10,0.8103518486022949,10,5,-54.0000000000002,52.710024269123096,6,11,11,34,0,0,0,1,10,6,97,0,10,50,56,9,77,0,0,0,129,11,81,52,62,91,129,14
2024-09-18 11:46:10,2.10866379737854,10,11,-11.439999999999966,85.83442457020283,0,13,13,57,0,0,0,6,10,0,115,0,10,135,122,62,116,0,0,0,81,13,132,72,167,176,81,16
2024-09-18 11:46:10,3.3874011039733887,10,4,-26.940000000000637,100.72949094045907,1,15,15,49,0,0,0,6,10,2,110,0,10,66,186,165,79,0,0,0,33,15,81,202,110,206,33,22
2024-09-18 11:46:10,4.257710933685303,10,19,24.119999999999713,69.69102333672345,2,11,11,71,0,0,0,1,10,2,53,0,10,69,144,167,60,0,0,0,32,11,74,185,84,146,32,15
2024-09-18 11:46:10,5.349913835525513,10,25,186.40000000000228,86.3025545021519,0,17,17,154,0,0,0,8,10,0,64,0,10,153,147,121,171,0,0,0,19,17,185,127,162,172,19,27
2024-09-18 11:46:10,7.129530906677246,10,49,437.56000000001006,150.50458636693656,0,13,13,256,0,0,0,8,7,1,60,0,7,292,192,224,293,0,3,0,13,13,304,241,310,205,13,14
2024-09-18 11:46:10,9.477202892303467,10,35,684.7400000000165,176.50647628679872,1,16,16,373,0,0,0,11,6,2,54,0,6,318,265,276,352,0,4,0,31,16,366,286,326,284,31,19
2024-09-18 11:46:10,11.42756199836731,10,49,643.2600000000131,156.7700690329075,0,21,21,350,0,0,0,16,6,1,49,0,6,264,212,237,292,0,4,0,26,21,310,246,276,220,26,23
2024-09-18 11:46:10,12.437142133712769,10,34,350.70000000000545,91.68660131841898,0,17,17,234,0,0,0,11,10,0,29,0,10,174,122,164,129,0,0,0,8,17,136,172,176,128,8,23
2024-09-18 11:46:10,14.11300802230835,10,15,589.3200000000131,145.9889128394425,0,16,16,331,0,0,0,9,7,1,43,0,7,218,230,204,231,0,3,0,58,16,236,214,225,246,58,21
2024-09-18 11:46:10,16.17037796974182,10,49,828.220000000018,180.9698991328478,0,13,13,426,0,0,0,10,4,2,55,0,4,306,295,254,321,0,6,0,24,13,327,267,327,307,24,16
2024-09-18 11:46:10,17.61902904510498,10,3,521.3800000000103,132.1022422015667,4,11,11,297,0,0,0,7,7,4,77,0,7,242,189,158,208,0,3,0,17,11,219,195,255,196,17,20
2024-09-18 11:46:10,19.423792839050293,10,49,731.9400000000139,151.2579642906785,0,15,15,384,0,0,0,14,5,1,32,0,5,307,216,216,265,0,5,0,27,15,268,227,317,221,27,18
2024-09-18 11:46:10,22.087212085723877,10,49,810.960000000017,173.66507134586573,0,16,16,426,0,0,0,14,5,0,58,0,5,301,261,280,272,0,5,0,29,16,284,301,312,272,29,19
2024-09-18 11:46:10,24.407367944717407,10,49,927.1000000000203,189.2740535363555,0,13,13,467,0,0,0,13,3,0,48,0,3,321,294,323,338,0,7,0,32,13,349,334,336,302,32,16
2024-09-18 11:46:10,26.70536208152771,10,16,862.7800000000188,165.0413645133376,0,14,14,424,0,0,0,13,2,1,40,0,2,300,254,302,287,0,8,0,19,14,296,314,310,263,19,14
2024-09-18 11:46:10,28.25945496559143,10,27,659.1800000000122,138.53996926546097,0,20,20,356,0,0,0,20,6,2,41,0,6,207,225,206,248,0,4,0,20,20,253,215,220,228,20,31
2024-09-18 11:46:10,30.3594229221344,10,49,789.2800000000149,152.31443782895803,0,17,17,404,0,0,0,16,4,0,26,0,4,269,243,262,292,0,6,0,25,17,300,267,273,251,25,18
2024-09-18 11:46:10,32.52812099456787,10,49,758.0200000000166,156.52693988382816,0,15,15,389,0,0,0,15,4,1,42,0,4,294,255,229,295,0,6,0,18,15,307,234,304,265,18,20
2024-09-18 11:46:10,34.36099886894226,10,20,756.1800000000161,155.26835417747498,0,20,20,388,0,0,0,19,4,0,36,0,4,296,251,266,255,0,6,0,19,20,267,278,299,256,19,24
2024-09-18 11:46:10,36.37560796737671,10,43,784.4600000000166,169.54897030815482,0,24,24,422,0,0,0,23,6,2,47,0,6,293,266,289,297,0,4,0,31,24,305,301,305,275,31,30
2024-09-18 11:46:10,38.498475074768066,10,34,710.6400000000143,143.07373894006014,0,14,14,373,0,0,0,12,5,1,33,0,5,267,246,232,237,0,5,0,18,14,248,239,274,253,18,15
2024-09-18 11:46:10,40.13453507423401,10,37,563.3200000000107,126.8398229777813,0,14,14,316,0,0,0,10,7,1,29,0,7,228,194,208,224,0,3,0,20,14,229,215,238,200,20,15
2024-09-18 11:46:10,41.52490186691284,10,1,524.3800000000085,125.08940785378218,0,16,16,296,0,0,0,13,7,0,31,0,7,220,193,194,200,0,3,0,12,16,206,200,222,203,12,23
2024-09-18 11:46:10,43.11162304878235,10,49,620.5800000000125,135.18724321201444,0,14,14,345,0,0,0,14,7,2,30,0,7,228,210,208,235,0,3,0,30,14,243,216,234,213,30,19
2024-09-18 11:46:10,45.52922511100769,10,49,968.8200000000204,191.00229905545712,1,16,16,479,0,0,0,15,2,2,47,0,2,368,306,306,300,0,8,0,22,16,309,320,383,314,22,17
2024-09-18 11:46:10,48.00730299949646,10,49,800.5200000000166,177.33968636393547,0,16,16,411,0,0,0,14,4,1,39,0,4,276,262,292,306,0,6,0,24,16,315,303,287,269,24,17
2024-09-18 11:46:10,51.43047094345093,10,49,950.2600000000195,200.95618741959333,1,25,25,480,0,0,0,25,3,1,60,0,3,335,307,306,354,0,7,0,25,25,359,321,355,321,25,31
2024-09-18 11:46:10,53.5741651058197,10,0,723.0000000000144,142.73953868448734,0,19,19,380,0,0,0,16,5,2,48,0,5,261,223,234,248,0,5,0,12,19,257,240,268,245,12,23
2024-09-18 11:46:10,56.07613492012024,10,49,864.6000000000191,185.3833042420447,0,16,16,444,0,0,0,16,4,0,41,0,4,308,293,300,334,0,6,0,25,16,343,311,316,305,25,17
2024-09-18 11:46:10,58.54344391822815,10,36,862.1400000000198,181.6417771577835,0,18,18,443,0,0,0,19,4,1,44,0,4,329,302,271,329,0,6,0,26,18,336,283,343,310,26,21
2024-09-18 11:46:10,60.498818159103394,10,34,683.5800000000145,146.4418203085661,0,20,20,360,0,0,0,19,5,2,36,0,5,281,252,228,239,0,5,0,13,20,244,242,288,259,13,23
2024-09-18 11:46:10,62.5293231010437,10,49,825.6600000000162,152.72939920052886,0,12,12,422,0,0,0,10,4,2,28,0,4,281,246,265,263,0,6,0,21,12,269,271,290,251,21,14
2024-09-18 11:46:10,64.52418804168701,10,49,749.8600000000166,165.5028723925352,0,25,25,404,0,0,0,24,6,4,35,0,6,298,263,282,271,0,4,0,34,25,279,292,304,270,34,29
2024-09-18 11:46:10,66.43982696533203,10,49,802.3200000000164,167.4820864163339,0,24,24,430,0,0,0,24,6,0,39,0,6,282,291,267,271,0,4,0,29,24,276,282,289,298,29,29
2024-09-18 11:46:10,68.38455104827881,10,34,838.4200000000155,165.64582810923457,0,22,22,439,0,0,0,22,5,1,35,0,5,279,286,269,309,0,5,0,23,22,313,278,293,293,23,23
2024-09-18 11:46:10,70.26207184791565,10,33,747.8800000000156,158.7872863225639,0,24,24,402,0,0,0,22,6,1,30,0,6,281,249,256,285,0,4,0,25,24,295,261,286,255,25,28
2024-09-18 11:46:10,71.84550499916077,10,30,672.3600000000118,130.5653558894992,0,15,15,362,0,0,0,13,6,1,34,0,6,211,207,265,215,0,4,0,12,15,219,271,218,217,12,22
2024-09-18 11:46:10,74.04965090751648,10,36,832.9000000000174,164.98155374825,0,19,19,436,0,0,0,18,5,1,28,0,5,317,277,274,294,0,5,0,24,19,300,283,323,279,24,24
2024-09-18 11:46:10,76.56638598442078,10,45,923.1200000000199,190.4633039534092,1,20,20,474,0,0,0,20,4,2,37,0,4,329,295,319,337,0,6,0,32,20,342,328,340,304,32,23
2024-09-18 11:46:10,77.80460286140442,10,6,431.80000000000666,99.5714884325862,0,17,17,257,0,0,0,16,8,3,23,0,8,166,151,161,184,0,2,0,14,17,191,167,170,154,14,20
2024-09-18 11:46:10,79.61190986633301,10,33,767.1800000000155,153.2509632743895,0,18,18,420,0,0,0,18,7,2,26,0,7,301,225,263,282,0,3,0,20,18,290,267,312,227,20,19
2024-09-18 11:46:10,81.01003980636597,10,49,567.6000000000098,117.99158424511552,0,18,18,318,0,0,0,19,7,4,35,0,7,184,217,185,212,0,3,0,21,18,221,193,188,223,21,26
2024-09-18 11:46:10,83.20808792114258,10,49,997.6400000000203,196.16082632541656,0,23,23,502,0,0,0,22,3,1,28,0,3,354,305,302,338,0,7,0,27,23,343,308,362,311,27,26
2024-09-18 11:46:10,84.93826580047607,10,22,735.1600000000144,144.0730033889413,0,13,13,376,0,0,0,14,4,0,36,0,4,249,248,221,250,0,6,0,17,13,254,225,253,267,17,18
2024-09-18 11:46:10,86.63698387145996,10,49,701.4600000000139,144.55294596776366,0,13,13,368,0,0,0,12,5,0,27,0,5,284,236,239,227,0,5,0,18,13,232,244,291,244,18,15
2024-09-18 11:46:10,88.92134308815002,10,49,970.0600000000211,204.44690945744514,0,23,23,480,0,0,0,23,2,2,36,0,2,339,330,318,347,0,8,0,29,23,353,329,344,339,29,28
2024-09-18 11:46:10,90.5574700832367,10,44,680.9400000000131,141.3960696682334,0,21,21,367,0,0,0,20,6,3,24,0,6,279,211,215,247,0,4,0,28,21,250,224,282,217,28,24
2024-09-18 11:46:10,92.36339211463928,10,46,737.8400000000158,154.86518766731024,0,21,21,388,0,0,0,20,5,2,36,0,5,271,272,279,224,0,5,0,31,21,230,288,280,278,31,27
2024-09-18 11:46:10,94.50932097434998,10,49,1010.60000000002,199.4068106301129,0,17,17,499,0,0,0,18,2,0,33,0,2,350,301,324,302,0,8,0,24,17,308,331,356,314,24,18
2024-09-18 11:46:10,96.60952401161194,10,19,862.200000000018,185.70533550530672,1,19,19,443,0,0,0,18,4,4,48,0,4,319,268,301,299,0,6,0,19,19,305,308,329,288,19,24
2024-09-18 11:46:10,98.17864608764648,10,46,628.7000000000121,137.16542380675673,0,19,19,341,0,0,0,17,6,2,40,0,6,237,192,238,247,0,4,0,18,19,257,244,249,198,18,25
2024-09-18 11:46:10,100.10210680961609,10,49,883.3400000000165,166.84319783747196,0,19,19,452,0,0,0,18,4,1,27,0,4,288,302,306,255,0,6,0,21,19,262,312,295,306,21,22
2024-09-18 11:46:10,102.29453492164612,10,49,966.620000000019,180.33337038755417,0,21,21,478,0,0,0,20,2,1,45,0,2,355,303,320,293,0,8,0,29,21,307,329,370,309,29,22
2024-09-18 11:46:10,104.21905994415283,10,1,833.0200000000159,155.17956475913525,0,20,20,427,0,0,0,19,4,2,37,0,4,297,220,280,312,0,6,0,20,20,321,286,306,231,20,22
2024-09-18 11:46:10,105.80324196815491,10,49,601.8600000000114,125.46318813413382,2,16,16,345,0,0,0,14,8,3,34,0,8,237,214,202,221,0,2,0,24,16,227,214,244,221,24,18
2024-09-18 11:46:10,107.57883286476135,10,32,766.4000000000144,144.9068681076169,0,16,16,392,0,0,0,14,4,0,32,0,4,255,215,251,283,0,6,0,13,16,290,261,260,220,13,21
2024-09-18 11:46:10,109.81873798370361,10,49,834.5000000000167,158.9853092432022,0,13,13,418,0,0,0,12,3,1,38,0,3,309,274,251,244,0,7,0,16,13,249,262,318,285,16,15
2024-09-18 11:46:10,111.74368500709534,10,49,886.220000000017,164.53509289771318,0,12,12,444,0,0,0,11,3,0,30,0,3,303,286,272,267,0,7,0,23,12,273,284,306,292,23,15
2024-09-18 11:46:10,113.9766480922699,10,50,986.2800000000212,185.484209921211,1,13,13,488,0,0,0,11,2,2,46,0,2,369,307,326,318,0,8,0,23,13,325,331,377,330,23,16
2024-09-18 11:46:10,115.80189895629883,10,9,801.4200000000154,145.4583067819476,0,17,17,410,0,0,0,18,4,0,27,0,4,281,248,258,291,0,6,0,18,17,298,263,286,256,18,19
2024-09-18 11:46:10,117.87263584136963,10,30,908.140000000018,156.8119938597083,0,19,19,447,0,0,0,22,2,0,41,0,2,307,285,293,295,0,8,0,14,19,299,306,320,292,14,23
2024-09-18 11:46:10,120.12599778175354,10,49,851.7400000000166,150.23345662280917,0,22,22,445,0,0,0,23,5,2,26,0,5,272,241,282,341,0,5,0,16,22,347,287,277,249,16,24
2024-09-18 11:46:10,122.1469509601593,10,48,894.0800000000173,158.5558649301529,0,20,20,458,0,0,0,20,4,1,34,0,4,314,266,300,297,0,6,0,22,20,301,309,324,274,22,23
2024-09-18 11:46:10,124.0783839225769,10,46,743.4600000000163,152.09296000376344,0,17,17,400,0,0,0,14,6,2,32,0,6,280,258,285,294,0,4,0,20,17,299,293,287,265,20,22
2024-09-18 11:46:10,125.49588418006897,10,17,609.9200000000119,113.26186997070909,0,13,13,330,0,0,0,11,6,1,31,0,6,192,198,218,227,0,4,0,17,13,232,234,196,203,17,14
2024-09-18 11:46:10,127.6076009273529,10,49,942.5800000000182,161.57835834100842,0,18,18,465,0,0,0,16,2,0,46,0,2,332,321,243,309,0,8,0,18,18,315,267,340,329,18,18
2024-09-18 11:46:10,129.691153049469,10,49,855.7600000000186,170.86177767813206,0,16,16,449,0,0,0,16,5,2,51,0,5,300,298,289,322,0,5,0,29,16,335,308,305,308,29,20
2024-09-18 11:46:10,131.470862865448,10,49,806.7400000000148,139.3329217582941,0,13,13,403,0,0,0,12,3,2,24,0,3,275,246,223,285,0,7,0,17,13,292,228,280,249,17,17
2024-09-18 11:46:10,132.97868394851685,10,25,673.1600000000122,122.59249847382307,0,15,15,371,0,0,0,15,7,0,33,0,7,200,202,222,248,0,3,0,15,15,256,228,210,207,15,19
2024-09-18 11:46:10,134.78966999053955,10,49,801.360000000016,149.8768098242581,0,14,14,410,0,0,0,14,4,1,32,0,4,279,243,254,285,0,6,0,18,14,291,261,284,255,18,16
2024-09-18 11:46:10,136.72864294052124,10,49,858.9800000000173,159.0285743251443,1,20,20,440,0,0,0,20,4,2,30,0,4,316,265,280,279,0,6,0,23,20,286,283,324,274,23,23
2024-09-18 11:46:10,138.9773919582367,10,33,969.4200000000188,178.74444824829698,0,25,25,488,0,0,0,24,3,1,35,0,3,343,317,283,336,0,7,0,20,25,343,289,352,323,20,32
2024-09-18 11:46:10,140.83703303337097,10,50,798.600000000016,150.70968027040362,0,25,25,419,0,0,0,21,5,2,37,0,5,264,293,254,275,0,5,0,22,25,284,257,271,302,22,34
2024-09-18 11:46:10,142.90606117248535,10,47,802.180000000017,159.047019187361,0,23,23,430,0,0,0,21,6,0,38,0,6,282,291,263,296,0,4,0,22,23,302,279,289,296,22,27
2024-09-18 11:46:10,144.55462789535522,10,49,708.720000000014,131.70333155989647,1,16,16,372,0,0,0,16,5,1,37,0,5,237,231,222,257,0,5,0,21,16,274,228,241,235,21,22
2024-09-18 11:46:10,146.73462986946106,10,49,1006.3200000000198,173.63414335250854,0,16,16,497,0,0,0,16,2,3,36,0,2,339,300,290,350,0,8,0,15,16,355,301,345,310,15,20
2024-09-18 11:46:10,148.76389002799988,10,50,851.0800000000172,161.8276657834649,0,19,19,445,0,0,0,19,5,0,28,0,5,321,263,278,303,0,5,0,23,19,311,285,327,270,23,19
2024-09-18 11:46:10,150.41587901115417,10,49,725.0000000000133,136.14231617748737,1,15,15,380,0,0,0,14,5,2,33,0,5,272,220,215,251,0,5,0,16,15,255,225,278,228,16,20
2024-09-18 11:46:10,152.56275582313538,10,45,947.9000000000199,182.07246696203947,0,23,23,486,0,0,0,23,4,1,32,0,4,330,320,294,327,0,6,0,27,23,330,310,334,327,27,25
2024-09-18 11:46:10,154.70580410957336,10,49,956.8400000000199,176.14245686680079,0,15,15,481,0,0,0,14,3,1,27,0,3,317,315,305,329,0,7,0,36,15,334,308,326,324,36,16
2024-09-18 11:46:10,156.59955406188965,10,30,853.4600000000172,156.1945868693292,1,18,18,428,0,0,0,17,3,1,31,0,3,280,296,256,285,0,7,0,25,18,291,260,291,301,25,23
2024-09-18 11:46:10,158.7058289051056,10,49,859.3200000000177,168.4644962400198,0,17,17,441,0,0,0,18,4,3,39,0,4,318,310,288,290,0,6,0,19,17,301,295,329,319,19,18
2024-09-18 11:46:10,160.78653383255005,10,36,978.0200000000187,179.81487097591162,0,16,16,482,0,0,0,17,2,0,29,0,2,322,287,311,315,0,8,0,22,16,324,319,325,295,22,17
2024-09-18 11:46:10,162.75650787353516,10,49,888.8600000000162,161.01162979006767,0,20,20,446,0,0,0,20,3,1,28,0,3,322,287,257,300,0,7,0,23,20,303,266,328,296,23,21
2024-09-18 11:46:10,164.67405796051025,10,49,911.4400000000168,155.31507214903831,0,18,18,448,0,0,0,19,2,0,35,0,2,297,278,239,318,0,8,0,18,18,320,251,302,291,18,21
2024-09-18 11:46:10,166.67957592010498,10,23,953.5600000000184,166.8240032158792,0,23,23,470,0,0,0,23,2,0,38,0,2,301,285,259,326,0,8,0,23,23,331,269,312,293,23,27
2024-09-18 11:46:10,168.4712109565735,10,21,762.2200000000144,142.96943166851997,0,19,19,399,0,0,0,18,5,1,24,0,5,223,260,262,283,0,5,0,18,19,289,271,227,262,18,22
2024-09-18 11:46:10,170.00426983833313,10,24,631.200000000012,126.93417235463858,0,17,17,350,0,0,0,15,7,1,20,0,7,253,234,214,211,0,3,0,14,17,214,219,256,239,14,21
2024-09-18 11:46:10,171.83500504493713,10,49,817.6800000000161,153.10730746388435,0,24,24,410,0,0,0,23,3,0,36,0,3,280,260,275,258,0,7,0,19,24,274,280,286,268,19,25
2024-09-18 11:46:10,173.786071062088,10,49,821.0600000000169,159.883727774024,0,19,19,421,0,0,0,18,4,2,28,0,4,290,263,267,333,0,6,0,22,19,335,278,296,267,22,24
2024-09-18 11:46:10,175.8455171585083,10,49,917.4800000000189,163.72291199862957,0,15,15,470,0,0,0,13,4,1,33,0,4,344,274,296,295,0,6,0,31,15,299,303,353,281,31,21
2024-09-18 11:46:10,177.9872498512268,10,49,893.2000000000174,156.75598465278745,0,17,17,439,0,0,0,17,2,2,27,0,2,331,249,257,329,0,8,0,22,17,335,267,333,257,22,18
2024-09-18 11:46:10,180.24634504318237,10,49,923.3600000000202,170.7433684170246,0,19,19,474,0,0,0,19,4,1,44,0,4,306,311,255,386,0,6,0,27,19,401,267,311,322,27,20
2024-09-18 11:46:10,182.36008715629578,10,45,1010.4600000000197,172.70219565182924,0,18,18,499,0,0,0,18,2,1,38,0,2,305,300,311,342,0,8,0,17,18,349,317,316,311,17,21
2024-09-18 11:46:10,184.50440406799316,10,49,921.7000000000197,173.23951721191406,0,19,19,464,0,0,0,18,3,1,43,0,3,310,297,314,330,0,7,0,22,19,342,320,319,306,22,26
2024-09-18 11:46:10,186.26040410995483,10,10,718.9400000000145,142.6108536273241,0,24,24,387,0,0,0,23,6,0,35,0,6,257,233,278,257,0,4,0,14,24,267,282,267,242,14,26
2024-09-18 11:46:10,188.1218819618225,10,49,770.1200000000144,153.8572815284133,2,26,26,414,0,0,0,23,6,5,32,0,6,293,264,257,268,0,4,0,36,26,276,265,300,268,36,31
2024-09-18 11:46:10,189.9085168838501,10,49,744.5400000000158,141.83166230469942,0,12,12,390,0,0,0,10,5,0,26,0,5,275,238,206,302,0,5,0,26,12,308,212,278,249,26,12
2024-09-18 11:46:10,192.05923008918762,10,49,934.7000000000191,174.33253405243158,0,19,19,470,0,0,0,19,3,2,27,0,3,349,314,330,284,0,7,0,24,19,291,336,356,321,24,19
2024-09-18 12:20:17,1.577293872833252,10,2,560.4000000000112,97.55366440862417,0,16,16,319,0,0,0,12,7,1,47,0,7,230,201,187,220,0,3,18,21,16,224,198,245,216,21,18
2024-09-18 12:20:17,3.519995927810669,10,49,819.3000000000163,160.81022210419178,0,20,20,424,0,0,0,19,4,0,30,0,4,265,246,290,303,0,6,22,18,20,308,297,275,251,18,23
2024-09-18 12:20:17,5.850125789642334,10,19,872.3600000000191,155.80593177303672,0,19,19,442,0,0,0,19,3,2,34,0,3,308,261,255,333,0,7,21,15,19,342,263,315,269,15,21
2024-09-18 12:20:17,8.136377811431885,10,49,811.8400000000189,152.03774485737085,0,20,20,421,0,0,0,20,4,0,38,0,4,294,248,292,298,0,6,22,23,20,310,298,302,258,23,22
2024-09-18 12:20:17,10.063013792037964,10,47,689.4200000000138,135.39864893257618,0,17,17,366,0,0,0,17,5,4,26,0,5,252,246,218,246,0,5,20,16,17,249,224,264,248,16,20
2024-09-18 12:20:17,11.85058307647705,10,49,712.4800000000143,131.72205897048116,0,12,12,376,0,0,0,8,5,2,31,0,5,237,237,232,245,0,5,13,10,12,248,242,248,243,10,13
2024-09-18 12:20:17,13.877450942993164,10,49,839.6200000000168,161.9694730937481,1,19,19,443,0,0,0,16,5,1,27,0,5,325,272,260,289,0,5,19,19,19,294,263,334,282,19,19
2024-09-18 12:20:17,15.84210205078125,10,49,874.6400000000185,163.6179147772491,0,17,17,452,0,0,0,17,4,2,42,0,4,320,252,289,274,0,6,19,24,17,286,296,329,264,24,19
2024-09-18 12:20:17,17.615224838256836,10,41,672.9200000000145,143.7158946916461,0,15,15,376,0,0,0,13,7,0,31,0,7,272,227,267,252,0,3,17,28,15,255,274,282,236,28,17
2024-09-18 12:20:17,19.41364312171936,10,47,763.4600000000167,145.57760244607925,0,14,14,403,0,0,0,12,5,0,28,0,5,303,240,246,236,0,5,17,21,14,237,252,312,249,21,17
2024-09-18 12:20:17,21.409040927886963,10,49,817.6000000000178,161.10872399061918,0,15,15,422,0,0,0,15,4,1,24,0,4,295,273,274,326,0,6,16,16,15,332,277,304,278,16,16
2024-09-18 12:20:17,23.329567909240723,10,30,748.8400000000148,140.29795233532786,0,15,15,395,0,0,0,14,5,0,25,0,5,279,224,252,250,0,5,15,24,15,256,256,289,228,24,16
2024-09-18 12:20:17,25.5276517868042,10,18,688.5200000000132,131.24633071571589,0,16,16,383,0,0,0,14,7,1,26,0,7,257,239,193,270,0,3,18,15,16,278,199,262,244,15,18
2024-09-18 12:20:17,27.44710087776184,10,35,662.5600000000134,121.72305656969547,0,13,13,359,0,0,0,12,6,1,25,0,6,223,210,209,242,0,4,13,14,13,246,215,229,219,14,13
2024-09-18 12:20:17,29.740045070648193,10,12,800.540000000017,156.71330250799656,0,9,9,412,0,0,0,9,4,1,34,0,4,252,258,277,298,0,6,11,24,9,307,281,260,269,24,11
2024-09-18 12:20:17,31.97030997276306,10,12,760.8800000000173,156.4508644491434,1,14,14,402,0,0,0,14,5,1,34,0,5,271,227,252,302,0,5,16,17,14,314,258,283,229,17,16
2024-09-18 12:20:17,34.52204895019531,10,49,845.0400000000186,172.57616157829762,1,23,23,448,0,0,0,20,5,2,34,0,5,327,284,295,275,0,5,26,16,23,283,302,337,290,16,26
2024-09-18 12:20:17,36.555103063583374,10,6,586.1800000000108,116.07461951673031,0,14,14,321,0,0,0,13,6,2,23,0,6,193,207,177,220,0,4,17,27,14,225,184,198,210,27,17
2024-09-18 12:20:17,38.697932958602905,10,49,621.0800000000121,129.00919400528073,0,14,14,339,0,0,0,14,6,0,18,0,6,228,241,206,223,0,4,17,24,14,229,210,232,242,24,17
2024-09-18 12:20:17,41.09163188934326,10,49,891.8800000000191,159.85210517421365,0,17,17,452,0,0,0,15,3,1,52,0,3,337,252,248,281,0,7,19,24,17,305,256,347,260,24,19
2024-09-18 12:20:17,43.12948203086853,10,49,666.3000000000125,133.38301610946655,0,12,12,362,0,0,0,10,6,2,22,0,6,228,217,250,218,0,4,17,21,12,223,254,231,222,21,17
2024-09-18 12:20:17,45.24585199356079,10,49,871.2600000000174,160.10455079376698,0,14,14,439,0,0,0,13,3,1,25,0,3,289,273,231,295,0,7,16,12,14,302,238,291,280,12,16
2024-09-18 12:20:17,47.83175992965698,10,49,849.5200000000193,177.6949751637876,1,22,22,442,0,0,0,22,4,1,38,0,4,293,291,267,319,0,6,30,22,22,330,272,297,301,22,30
2024-09-18 12:20:17,49.76713180541992,10,50,713.1000000000154,151.25511461496353,0,20,20,362,0,0,0,19,3,0,38,0,3,274,233,252,253,0,7,23,39,20,268,256,280,243,39,23
2024-09-18 12:20:17,51.49212288856506,10,25,557.0800000000099,113.54074937850237,0,13,13,306,0,0,0,11,6,0,23,0,6,226,184,190,204,0,4,16,16,13,213,193,228,190,16,16
2024-09-18 12:20:17,53.363649129867554,10,4,755.9000000000148,149.31881275773048,0,15,15,399,0,0,0,14,5,2,27,0,5,264,231,234,283,0,5,16,24,15,290,247,266,235,24,16
2024-09-18 12:20:17,55.58203983306885,10,49,821.7800000000166,164.87937415763736,1,15,15,415,0,0,0,13,3,2,30,0,3,271,269,237,328,0,7,16,18,15,334,246,276,278,18,16
2024-09-18 12:20:17,57.320520877838135,10,46,665.3200000000132,139.5781438946724,0,16,16,363,0,0,0,15,6,2,31,0,6,259,205,227,247,0,4,20,23,16,251,237,263,214,23,20
2024-09-18 12:20:17,59.35467195510864,10,49,912.4000000000195,179.23908936232328,0,25,25,464,0,0,0,23,3,0,26,0,3,318,283,297,287,0,7,28,35,25,293,307,320,288,35,28
2024-09-18 12:20:17,61.28931403160095,10,22,823.5800000000166,167.9880869910121,0,17,17,426,0,0,0,16,4,1,36,0,4,285,269,267,309,0,6,19,18,17,317,270,297,279,18,20
2024-09-18 12:20:17,63.27486801147461,10,48,761.7800000000162,152.25168842449784,0,20,20,394,0,0,0,18,4,0,18,0,4,272,217,257,271,0,6,23,17,20,274,259,277,221,17,24
2024-09-18 12:20:17,65.38972592353821,10,49,971.6400000000207,181.90746178478003,0,12,12,491,0,0,0,11,3,1,37,0,3,316,304,297,320,0,7,14,23,12,326,302,329,314,23,15
2024-09-18 12:20:17,67.06888699531555,10,33,740.4600000000147,137.88919266313314,0,13,13,381,0,0,0,10,4,0,19,0,4,264,237,245,218,0,6,15,19,13,220,252,268,241,19,15
2024-09-18 12:20:17,69.05891394615173,10,49,976.28000000002,180.0079388655722,0,16,16,475,0,0,0,16,1,0,29,0,1,288,278,302,325,0,9,16,24,16,333,306,298,285,24,16
2024-09-18 12:20:17,70.32643103599548,10,5,532.3200000000093,105.18196330964565,0,21,21,304,0,0,0,16,7,1,24,0,7,193,187,151,200,0,3,23,19,21,205,161,194,193,19,23
2024-09-18 12:20:17,71.98488593101501,10,15,634.9800000000131,137.02484280616045,0,19,19,348,0,0,0,16,6,2,40,0,6,229,210,194,240,0,4,21,19,19,247,216,231,217,19,21
2024-09-18 12:20:17,73.79489803314209,10,16,763.3800000000157,153.42172801494598,0,19,19,404,0,0,0,19,5,1,28,0,5,259,254,262,272,0,5,20,22,19,275,271,266,262,22,20
2024-09-18 12:20:17,75.70693778991699,10,49,779.8200000000159,151.50679475069046,0,15,15,411,0,0,0,15,5,1,28,0,5,263,261,224,305,0,5,15,18,15,313,229,271,268,18,15
2024-09-18 12:20:17,77.25558090209961,10,4,564.1000000000109,111.77462273836136,0,15,15,319,0,0,0,11,7,0,28,0,7,218,191,184,183,0,3,17,22,15,191,192,221,198,22,17
2024-09-18 12:20:17,79.03834080696106,10,49,751.4000000000157,150.48527409136295,0,26,26,391,0,0,0,28,4,2,29,0,4,248,231,268,276,0,6,29,26,26,281,274,259,235,26,29
2024-09-18 12:20:17,81.33972191810608,10,49,885.6400000000167,163.7004438340664,0,18,18,448,0,0,0,17,3,1,35,0,3,319,238,267,277,0,7,20,21,18,284,271,326,253,21,20
2024-09-18 12:20:17,83.30108690261841,10,49,761.3800000000159,155.74785774946213,0,17,17,412,0,0,0,17,6,0,32,0,6,250,257,299,298,0,4,17,21,17,303,312,259,262,21,17
2024-09-18 12:20:17,84.96327877044678,10,49,678.9600000000138,138.73211110383272,0,16,16,370,0,0,0,14,6,1,34,0,6,262,224,224,243,0,4,19,27,16,249,234,270,231,27,19
2024-09-18 12:20:17,87.4006679058075,10,49,929.4600000000205,178.33732027187943,0,21,21,472,0,0,0,19,3,1,29,0,3,299,281,330,326,0,7,23,33,21,332,335,306,290,33,23
2024-09-18 12:20:17,89.0064001083374,10,49,675.9400000000124,125.381293784827,0,13,13,357,0,0,0,13,5,1,25,0,5,255,208,215,202,0,5,14,24,13,206,217,267,214,24,14
2024-09-18 12:20:17,91.31650996208191,10,49,822.0800000000178,165.8959175646305,0,17,17,425,0,0,0,16,4,1,32,0,4,295,273,290,277,0,6,18,23,17,288,299,302,277,23,18
2024-09-18 12:20:17,93.30500197410583,10,31,812.0000000000175,165.36250134557486,0,15,15,420,0,0,0,12,4,1,34,0,4,290,282,247,294,0,6,18,31,15,303,252,301,288,31,18
2024-09-18 12:20:17,94.96374607086182,10,49,669.7800000000144,138.0170375406742,0,21,21,376,0,0,0,19,7,5,35,0,7,223,229,251,235,0,3,25,29,21,237,265,232,235,29,25
2024-09-18 12:20:17,96.6368420124054,10,49,750.5600000000151,146.1301164701581,0,15,15,387,0,0,0,14,4,1,30,0,4,234,247,221,261,0,6,16,27,15,264,224,246,258,27,16
2024-09-18 12:20:17,98.69898891448975,10,49,909.8600000000185,166.6327645778656,0,19,19,460,0,0,0,19,3,0,25,0,3,294,289,305,283,0,7,19,18,19,293,308,299,296,18,19
2024-09-18 12:20:17,100.4297468662262,10,49,695.1000000000146,143.2310818657279,0,20,20,379,0,0,0,19,6,0,42,0,6,257,262,237,228,0,4,21,13,20,235,249,273,268,13,21
2024-09-18 12:20:17,102.6242208480835,10,50,936.7800000000207,186.01583081111312,0,20,20,476,0,0,0,18,3,1,41,0,3,344,325,307,277,0,7,22,24,20,290,314,357,331,24,22
2024-09-18 12:20:17,104.58574891090393,10,49,913.0400000000185,166.72903157770634,0,11,11,451,0,0,0,10,2,0,28,0,2,287,291,290,298,0,8,13,11,11,305,294,292,301,11,13
2024-09-18 12:20:17,107.32624888420105,10,49,891.440000000021,183.68840958550572,0,24,24,454,0,0,0,21,3,1,25,0,3,338,315,309,315,0,7,26,33,24,320,317,343,320,33,26
2024-09-18 12:20:17,109.392019033432,10,49,718.6800000000142,136.75230484455824,0,15,15,380,0,0,0,13,5,1,31,0,5,235,227,236,269,0,5,16,17,15,275,242,250,230,17,16
2024-09-18 12:20:17,111.26005983352661,10,49,602.1200000000117,124.72748514264822,0,17,17,330,0,0,0,15,6,1,23,0,6,239,201,217,208,0,4,19,17,17,211,226,243,206,17,19
2024-09-18 12:20:17,113.2679591178894,10,46,887.0000000000199,162.54594187438488,0,12,12,456,0,0,0,12,4,0,25,0,4,335,289,265,298,0,6,12,19,12,304,272,338,298,19,12
2024-09-18 12:20:17,115.33287286758423,10,49,678.7800000000129,133.11348912119865,0,19,19,361,0,0,0,14,5,1,25,0,5,239,214,222,270,0,5,21,23,19,275,228,246,218,23,22
2024-09-18 12:20:17,117.4377989768982,10,50,830.3200000000188,166.43103162571788,0,23,23,440,0,0,0,20,5,1,33,0,5,296,265,266,315,0,5,24,31,23,327,273,302,271,31,25
2024-09-18 12:20:17,119.67391705513,10,30,835.5200000000175,155.4272655248642,0,20,20,432,0,0,0,19,4,1,29,0,4,289,262,278,288,0,6,21,16,20,293,290,296,266,16,21
2024-09-18 12:20:17,121.25190997123718,10,49,683.340000000013,124.02603478729725,0,12,12,360,0,0,0,11,5,0,16,0,5,225,208,195,258,0,5,13,21,12,263,197,227,213,21,14
2024-09-18 12:20:17,123.31986999511719,10,49,700.3800000000145,138.8561933338642,1,17,17,373,0,0,0,14,5,3,44,0,5,236,236,249,246,0,5,21,27,17,255,268,237,247,27,21
2024-09-18 12:20:17,125.77240204811096,10,49,950.2000000000212,177.55310890078545,0,21,21,483,0,0,0,20,3,1,41,0,3,324,303,313,292,0,7,25,19,21,304,320,338,307,19,25
2024-09-18 12:20:17,128.13291382789612,10,49,1005.780000000022,183.59857124462724,0,17,17,492,0,0,0,17,1,1,40,0,1,331,297,307,354,0,9,19,26,17,366,313,340,308,26,19
2024-09-18 12:20:17,131.1505148410797,10,22,910.3000000000186,165.46666754037142,1,16,16,451,0,0,0,17,2,1,24,0,2,312,309,273,302,0,8,17,22,16,310,276,319,314,22,17
2024-09-18 12:20:17,133.55305814743042,10,49,737.7600000000147,145.30894745141268,0,17,17,400,0,0,0,14,6,2,27,0,6,290,220,260,285,0,4,19,16,17,293,265,297,225,16,19
2024-09-18 12:20:17,135.7011730670929,10,49,816.260000000017,156.78030216693878,0,21,21,432,0,0,0,18,5,1,26,0,5,281,266,252,305,0,5,24,24,21,310,257,284,275,24,25
2024-09-18 12:20:17,137.7865788936615,10,44,754.1600000000153,143.6089610978961,0,15,15,407,0,0,0,15,6,1,21,0,6,270,261,224,258,0,4,16,37,15,262,229,274,268,37,16
2024-09-18 12:20:17,139.63214588165283,10,49,718.4400000000147,138.21810465306044,0,16,16,380,0,0,0,16,5,3,18,0,5,291,209,234,229,0,5,19,25,16,231,239,296,212,25,19
2024-09-18 12:20:17,141.65807104110718,10,47,885.7200000000183,159.65329457819462,0,16,16,448,0,0,0,17,3,0,37,0,3,304,280,259,285,0,7,19,23,16,296,267,311,288,23,19
2024-09-18 12:20:17,143.58958387374878,10,49,800.880000000016,148.57002995163202,0,19,19,405,0,0,0,20,3,2,34,0,3,249,246,240,303,0,7,20,24,19,315,246,259,251,24,20
2024-09-18 12:20:17,144.99505591392517,10,28,573.3000000000094,110.9742317982018,1,14,14,314,0,0,0,13,6,1,26,0,6,204,184,182,214,0,4,15,18,14,220,194,207,188,18,15
2024-09-18 12:20:17,147.37526988983154,10,49,971.2000000000211,181.39728470891714,0,18,18,484,0,0,0,17,2,3,46,0,2,355,299,296,294,0,8,20,28,18,303,309,369,307,28,20
2024-09-18 12:20:17,149.43659591674805,10,43,887.5600000000193,160.8441809155047,0,20,20,450,0,0,0,20,3,1,23,0,3,279,294,305,308,0,7,24,18,20,312,308,284,301,18,24
2024-09-18 12:20:17,151.35523796081543,10,16,613.8800000000132,126.65482395887375,0,27,27,349,0,0,0,25,7,3,36,0,7,222,217,215,228,0,3,32,22,27,235,220,233,224,22,33
2024-09-18 12:20:17,153.35091590881348,10,49,843.9200000000179,162.06838769093156,0,22,22,447,0,0,0,19,5,2,43,0,5,300,253,298,285,0,5,24,19,22,295,314,307,261,19,24
2024-09-18 12:20:17,155.59148812294006,10,49,1025.5400000000218,190.1383454427123,0,22,22,503,0,0,0,22,1,4,24,0,1,355,326,311,329,0,9,25,26,22,335,316,360,331,26,25
2024-09-18 12:20:17,157.39484190940857,10,49,725.7000000000153,149.3045331723988,0,14,14,392,0,0,0,14,6,0,15,0,6,252,231,302,249,0,4,15,18,14,251,305,257,235,18,15
2024-09-18 12:20:17,159.22580194473267,10,38,796.8000000000152,136.6085385195911,0,14,14,409,0,0,0,15,4,0,16,0,4,245,232,249,255,0,6,15,17,14,257,256,248,235,17,15
2024-09-18 12:20:17,161.410306930542,10,39,918.3800000000198,176.95656298100948,0,23,23,466,0,0,0,23,3,0,28,0,3,328,294,279,315,0,7,23,25,23,322,287,338,297,25,23
2024-09-18 12:20:17,162.8110899925232,10,8,562.7200000000107,112.50310682877898,0,13,13,309,0,0,0,11,6,1,31,0,6,181,209,180,207,0,4,16,16,13,210,184,190,220,16,17
2024-09-18 12:20:17,165.34363079071045,10,49,964.5800000000208,189.8081525415182,0,16,16,480,0,0,0,15,2,1,42,0,2,304,342,296,331,0,8,17,29,16,341,313,312,348,29,17
2024-09-18 12:20:17,168.3374879360199,10,49,1057.4000000000226,197.90138768404722,0,19,19,509,0,0,0,19,0,1,20,0,0,356,340,335,341,0,10,21,19,19,343,340,363,344,19,21
2024-09-18 12:20:17,170.5707049369812,10,49,787.6600000000158,164.87345096468925,0,24,24,418,0,0,0,22,5,0,25,0,5,277,274,265,294,0,5,25,26,24,299,271,281,283,26,25
2024-09-18 12:20:17,172.89069080352783,10,35,886.4400000000185,171.3295706063509,0,18,18,449,0,0,0,18,3,0,27,0,3,323,269,292,315,0,7,21,17,18,319,295,333,276,17,21
2024-09-18 12:20:17,174.98810696601868,10,49,858.0200000000187,174.68965988606215,0,18,18,443,0,0,0,16,4,2,20,0,4,321,310,268,300,0,6,18,15,18,305,273,326,315,15,18
2024-09-18 12:20:17,177.14999294281006,10,49,898.7200000000208,176.8495296165347,0,16,16,464,0,0,0,15,4,0,33,0,4,324,314,295,295,0,6,17,23,16,303,304,333,320,23,17
2024-09-18 12:20:17,179.21126675605774,10,49,771.2400000000162,155.6330365166068,0,16,16,407,0,0,0,16,5,0,23,0,5,251,274,257,301,0,5,16,20,16,307,268,255,276,20,16
2024-09-18 12:20:17,181.60917782783508,10,49,1037.6200000000222,186.26101987063885,0,15,15,507,0,0,0,15,1,0,28,0,1,342,360,315,307,0,9,16,30,15,315,321,349,366,30,16
2024-09-18 12:20:17,183.362135887146,10,49,763.6600000000154,147.21549427509308,0,19,19,395,0,0,0,18,4,0,25,0,4,260,258,225,279,0,6,22,15,19,282,231,265,266,15,22
2024-09-18 12:20:17,185.44279098510742,10,49,969.0600000000196,172.17233189567924,0,15,15,481,0,0,0,15,2,3,29,0,2,295,293,304,330,0,8,17,25,15,338,311,301,299,25,17
2024-09-18 12:20:17,186.7020800113678,10,49,527.0200000000079,105.06348910555243,0,16,16,290,0,0,0,16,6,1,16,0,6,200,150,194,194,0,4,16,13,16,195,200,207,152,13,16
2024-09-18 12:20:17,188.43028497695923,10,49,692.9800000000135,138.44545174390078,0,21,21,378,0,0,0,18,6,1,31,0,6,250,264,212,229,0,4,24,18,21,235,216,256,274,18,26
2024-09-18 12:20:17,189.91966485977173,10,26,544.7200000000101,114.76667623966932,0,17,17,309,0,0,0,15,7,0,20,0,7,211,185,190,181,0,3,18,21,17,185,195,216,190,21,18
2024-09-18 12:20:17,192.4319188594818,10,43,1028.3000000000222,192.52905806154013,0,13,13,502,0,0,0,13,1,0,34,0,1,341,314,343,324,0,9,13,34,13,337,351,346,322,34,13
2024-09-18 12:20:17,194.655042886734,10,42,1002.0000000000215,181.33379058539867,0,15,15,498,0,0,0,14,2,1,23,0,2,332,295,312,363,0,8,17,29,15,365,316,338,304,29,17
2024-09-18 12:20:17,196.4383909702301,10,49,693.1000000000139,137.65686577931046,0,21,21,378,0,0,0,19,6,2,37,0,6,252,247,219,235,0,4,22,21,21,240,225,271,253,21,22
2024-09-18 12:20:17,197.94392704963684,10,16,627.0800000000127,120.79522373527288,0,20,20,343,0,0,0,19,6,2,20,0,6,210,207,207,237,0,4,22,15,20,242,212,214,211,15,22
2024-09-18 12:20:17,199.82490301132202,10,50,719.2200000000137,143.03100540488958,0,18,18,381,0,0,0,16,5,0,26,0,5,231,271,232,239,0,5,20,18,18,239,238,240,280,18,20
2024-09-18 12:20:17,201.75291180610657,10,46,811.6400000000167,151.0988990738988,1,15,15,428,0,0,0,11,5,1,31,0,5,271,241,271,265,0,5,18,25,15,276,280,277,243,25,18
