Start Timestamp,Elapsed Time (s),Rounds Played,Score,Total Reward,Loss,Steps,BOILING,BOMB_DROPPED,BOMB_EXPLODED,CLOSER_TO_ENEMY,COIN_COLLECTED,COIN_FOUND,COOL,CRATE_COMBO,CRATE_DESTROYED,CRATE_POTENTIALLY_DESTROYED,ENEMY_IN_DEAD_END,ENEMY_POTENTIALLY_KILLED,FRESHENED_UP,FURTHER_FROM_ENEMY,GOT_KILLED,HOT,INVALID_ACTION,IN_DEAD_END,KILLED_OPPONENT,KILLED_SELF,LAST_AGENT_STANDING,MOVED_DOWN,MOVED_LEFT,MOVED_RIGHT,MOVED_UP,OPPONENT_ELIMINATED,STEP_SURVIVED,SURVIVED_ROUND,USELESS_BOMB,WAITED,WARM,UP,RIGHT,DOWN,LEFT,WAIT,BOMB
2024-09-27 15:52:15,2.6435019969940186,10,6,-92.91999999999904,44.44502661407023,1214,2,23,23,0,30,0,0,0,0,0,0,0,13,0,10,3,250,0,0,10,0,47,391,374,100,0,1204,0,23,29,23,119,456,186,396,29,28
2024-09-27 15:52:15,5.596988201141357,10,8,259.69999999999743,73.83970644301735,1296,1,17,17,0,84,0,0,0,0,0,0,0,14,0,3,2,128,0,0,3,0,145,404,394,196,0,1300,7,17,19,17,226,438,193,409,19,18
2024-09-27 15:52:15,7.777871131896973,10,8,295.9399999999946,67.69250612985343,996,0,14,14,0,89,0,0,0,0,0,0,0,13,0,2,0,138,0,0,2,0,150,273,243,170,0,1002,8,14,16,14,244,244,207,278,16,15
2024-09-27 15:52:15,8.908965110778809,10,8,178.82000000000076,37.34606138523668,516,0,11,11,0,68,0,0,0,0,0,0,0,8,0,5,2,23,0,0,5,0,130,106,102,132,0,516,5,11,17,11,139,105,131,111,17,18
2024-09-27 15:52:15,10.675472259521484,10,8,280.2599999999937,73.21428425516933,807,1,9,9,0,81,0,0,0,0,0,0,0,7,0,2,2,137,0,0,2,0,210,115,105,228,0,813,8,9,11,9,257,194,219,123,11,11
2024-09-27 15:52:15,11.94110107421875,10,8,317.9999999999947,49.07332042325288,559,0,6,6,0,89,0,0,0,0,0,0,0,5,0,2,0,15,0,0,2,0,133,146,111,139,0,565,8,6,17,6,145,114,136,148,17,7
2024-09-27 15:52:15,13.041157245635986,10,8,224.5399999999986,49.602921368554235,505,1,6,6,0,74,0,0,0,0,0,0,0,2,0,4,2,25,0,0,4,0,141,104,110,113,0,507,6,6,12,6,127,112,144,105,12,11
2024-09-27 15:52:15,14.395799160003662,10,8,361.3599999999955,58.28388191014528,575,0,6,6,0,95,0,0,0,0,0,0,0,5,0,1,0,14,0,0,1,0,132,152,123,144,0,583,9,6,13,6,153,125,134,153,13,6
2024-09-27 15:52:15,15.994935035705566,10,2,189.49999999999716,56.187544968910515,550,1,11,11,0,75,0,0,0,0,0,0,0,8,0,5,1,46,0,0,5,0,146,115,112,113,0,550,5,11,12,11,122,116,171,120,12,14
2024-09-27 15:52:15,17.516551971435547,10,8,186.8399999999987,52.17163197044283,472,2,14,14,0,73,0,0,0,0,0,0,0,10,0,5,2,16,0,0,5,0,112,121,125,78,0,472,5,14,11,14,85,129,114,122,11,16
2024-09-27 15:52:15,19.04982614517212,10,1,245.8399999999943,82.87755979597569,705,0,8,8,0,85,0,0,0,0,0,0,0,5,0,4,1,22,0,0,4,0,194,137,97,218,0,707,6,8,35,8,225,104,197,141,35,9
2024-09-27 15:52:15,19.952012062072754,10,0,177.5399999999975,45.83389071281999,402,1,8,8,0,67,0,0,0,0,0,0,0,3,0,5,2,25,0,0,5,0,101,88,98,79,0,402,5,8,8,8,89,110,103,89,8,8
2024-09-27 15:52:15,21.437170267105103,10,3,251.2599999999993,77.11047173012048,679,0,11,11,0,77,0,0,0,0,0,0,0,9,0,3,0,78,0,0,3,0,163,139,128,158,0,683,7,11,9,11,166,133,222,143,9,13
2024-09-27 15:52:15,22.861711025238037,10,8,317.49999999999494,76.49608237948269,634,0,15,15,0,92,0,0,0,0,0,0,0,14,0,2,0,18,0,0,2,0,161,172,144,114,0,640,8,15,18,15,117,148,169,175,18,15
2024-09-27 15:52:15,24.116605043411255,10,8,394.97999999999456,67.94677402731031,579,0,7,7,0,97,0,0,0,0,0,0,0,7,0,0,0,16,0,0,0,0,135,116,155,150,0,589,10,7,10,7,157,157,137,119,10,9
2024-09-27 15:52:15,25.41407299041748,10,8,266.4799999999971,63.51684511639178,530,0,12,12,0,82,0,0,0,0,0,0,0,10,0,3,0,33,0,0,3,0,104,114,124,141,0,534,7,12,9,12,147,130,109,128,9,14
2024-09-27 15:52:15,27.0680410861969,10,3,320.35999999999365,76.00008508004248,607,0,3,3,0,88,0,0,0,0,0,0,0,2,0,2,0,14,0,0,2,0,190,128,98,169,0,613,8,3,13,3,174,100,194,131,13,3
2024-09-27 15:52:15,28.380375146865845,10,8,398.9399999999943,70.63227705284953,567,0,4,4,0,100,0,0,0,0,0,0,0,4,0,0,0,35,0,0,0,0,143,147,103,133,0,577,10,4,12,4,137,105,169,150,12,4
2024-09-27 15:52:15,29.629201889038086,10,8,311.87999999999585,68.04305016901344,538,1,7,7,0,87,0,0,0,0,0,0,0,5,0,2,1,22,0,0,2,0,142,116,127,122,0,544,8,7,10,7,125,131,144,123,10,13
2024-09-27 15:52:15,30.990618228912354,10,8,350.45999999999555,74.38727287016809,595,0,8,8,0,91,0,0,0,0,0,0,0,8,0,1,0,28,0,0,1,0,142,153,121,144,0,603,9,8,8,8,145,138,142,161,8,10
2024-09-27 15:52:15,32.165255069732666,10,8,309.8599999999954,62.96441311854869,507,0,5,5,0,85,0,0,0,0,0,0,0,3,0,2,0,22,0,0,2,0,99,129,122,129,0,513,8,5,9,5,133,124,109,132,9,8
2024-09-27 15:52:15,33.51830506324768,10,8,403.33999999999395,74.87695313431323,612,0,7,7,0,100,0,0,0,0,0,0,0,8,0,0,0,7,0,0,0,0,146,131,157,163,0,622,10,7,11,7,164,159,149,132,11,7
2024-09-27 15:52:15,34.94150924682617,10,9,357.51999999999504,80.30264083109796,578,0,6,6,0,97,0,0,0,0,0,0,0,6,0,1,0,13,0,0,1,0,139,110,118,147,0,586,9,6,54,6,151,120,140,112,54,10
2024-09-27 15:52:15,36.58998918533325,10,8,348.67999999999563,82.94704078324139,641,0,11,11,0,91,0,0,0,0,0,0,0,10,0,1,1,16,0,0,1,0,159,161,164,119,0,649,9,11,20,11,128,166,162,163,20,11
2024-09-27 15:52:15,37.66735100746155,10,4,311.41999999999535,60.14593094680458,475,0,7,7,0,86,0,0,0,0,0,0,0,5,0,2,0,12,0,0,2,0,118,110,90,136,0,481,8,7,10,7,140,90,123,113,10,7
2024-09-27 15:52:15,38.68932104110718,10,8,244.53999999999775,61.841671112924814,450,0,7,7,0,82,0,0,0,0,0,0,0,4,0,4,1,8,0,0,4,0,82,108,115,132,0,452,6,7,4,7,134,116,85,109,4,8
2024-09-27 15:52:15,39.800637006759644,10,8,318.6199999999965,66.33288792707026,495,0,8,8,0,90,0,0,0,0,0,0,0,8,0,2,0,18,0,0,2,0,138,89,123,120,0,501,8,8,7,8,121,123,153,89,7,10
2024-09-27 15:52:15,41.27083206176758,10,8,347.93999999999534,78.69659917335957,604,0,11,11,0,90,0,0,0,0,0,0,0,10,0,1,0,21,0,0,1,0,169,158,142,106,0,612,9,11,6,11,115,144,174,161,6,13
2024-09-27 15:52:15,42.49528694152832,10,8,351.9399999999957,71.16968406923115,514,1,5,5,0,90,0,0,0,0,0,0,0,4,0,1,1,12,0,0,1,0,148,121,138,93,0,522,9,5,6,5,94,141,153,124,6,5
2024-09-27 15:52:15,43.62065410614014,10,8,359.0399999999955,69.84729957953095,504,0,7,7,0,94,0,0,0,0,0,0,0,7,0,1,0,11,0,0,1,0,101,95,146,146,0,512,9,7,7,7,147,148,105,97,7,9
2024-09-27 15:52:15,45.11341595649719,10,8,336.3599999999957,94.03002107515931,675,0,7,7,0,93,0,0,0,0,0,0,0,6,0,1,1,133,0,0,1,0,142,133,137,128,0,683,9,7,4,7,147,138,252,135,4,8
2024-09-27 15:52:15,46.20996928215027,10,8,275.15999999999553,62.88080079574138,469,0,6,6,0,83,0,0,0,0,0,0,0,3,0,3,0,21,0,0,3,0,134,130,100,80,0,473,7,6,5,6,91,104,137,133,5,6
2024-09-27 15:52:15,47.51879286766052,10,8,276.9799999999956,71.44589204527438,525,0,7,7,0,83,0,0,0,0,0,0,0,5,0,3,0,11,0,0,3,0,147,121,105,133,0,529,7,7,8,7,135,110,149,123,8,7
2024-09-27 15:52:15,48.887346267700195,10,8,363.4199999999934,81.90380623936653,588,0,8,8,0,95,0,0,0,0,0,0,0,7,0,1,0,8,0,0,1,0,144,164,117,154,0,596,9,8,2,8,158,117,146,165,2,9
2024-09-27 15:52:15,50.46481895446777,10,8,317.31999999999556,101.32403132878244,675,0,12,12,0,90,0,0,0,0,0,0,0,11,0,2,0,24,0,0,2,0,131,212,154,141,0,681,8,12,9,12,150,159,137,214,9,14
2024-09-27 15:52:15,51.76944303512573,10,8,358.65999999999445,72.49742658250034,520,0,4,4,0,95,0,0,0,0,0,0,0,3,0,1,0,36,0,0,1,0,110,133,109,130,0,528,9,4,7,4,133,114,114,157,7,4
2024-09-27 15:52:15,52.97136616706848,10,8,405.37999999999425,72.50000619143248,529,0,4,4,0,100,0,0,0,0,0,0,0,4,0,0,0,7,0,0,0,0,139,139,128,118,0,539,10,4,4,4,121,129,141,139,4,5
2024-09-27 15:52:15,54.036906003952026,10,8,367.2399999999954,68.56777848489583,489,0,4,4,0,97,0,0,0,0,0,0,0,3,0,1,1,13,0,0,1,0,119,112,135,112,0,497,9,4,3,4,112,141,121,114,3,7
2024-09-27 15:52:15,55.41005897521973,10,8,405.75999999999306,91.83185241743922,608,0,4,4,0,100,0,0,0,0,0,0,0,4,0,0,0,8,0,0,0,0,160,163,174,100,0,618,10,4,9,4,102,176,163,163,9,5
2024-09-27 15:52:15,56.630027055740356,10,5,307.9999999999951,76.27044672705233,529,0,10,10,0,85,0,0,0,0,0,0,0,9,0,2,0,13,0,0,2,0,130,123,131,120,0,535,8,10,10,10,126,132,131,126,10,12
2024-09-27 15:52:15,57.78542900085449,10,8,304.2999999999969,66.57052176631987,464,0,5,5,0,81,0,0,0,0,0,0,0,4,0,2,1,10,0,0,2,0,113,120,112,108,0,470,8,5,4,5,114,113,115,120,4,6
2024-09-27 15:52:15,58.995810985565186,10,8,404.27999999999435,78.09676187299192,544,0,5,5,0,100,0,0,0,0,0,0,0,5,0,0,1,5,0,0,0,0,147,144,118,127,0,554,10,5,8,5,127,119,150,144,8,6
2024-09-27 15:52:15,60.41010499000549,10,8,403.5999999999942,96.810725428164,620,0,7,7,0,100,0,0,0,0,0,0,0,7,0,0,0,12,0,0,0,0,155,141,180,130,0,630,10,7,5,7,132,181,158,144,5,10
2024-09-27 15:52:15,61.67041516304016,10,8,356.1799999999956,86.92693238146603,566,1,6,6,0,92,0,0,0,0,0,0,0,5,0,1,2,12,0,0,1,0,109,145,139,159,0,574,9,6,5,6,162,142,110,147,5,9
2024-09-27 15:52:15,62.814812898635864,10,8,406.1799999999946,81.98403174802661,519,0,2,2,0,100,0,0,0,0,0,0,0,2,0,0,0,5,0,0,0,0,95,132,115,171,0,529,10,2,9,2,172,116,95,135,9,2
2024-09-27 15:52:15,64.1780412197113,10,8,386.3199999999957,88.56970464810729,616,0,10,10,0,100,0,0,0,0,0,0,0,10,0,0,3,81,0,0,0,0,115,156,115,142,0,626,10,10,7,10,145,116,143,202,7,13
2024-09-27 15:52:15,65.43726420402527,10,8,340.299999999996,82.11717964243144,562,0,7,7,0,91,0,0,0,0,0,0,0,6,0,1,0,62,0,0,1,0,87,133,118,139,0,570,9,7,25,7,142,120,142,134,25,8
2024-09-27 15:52:15,66.77644324302673,10,8,404.9799999999936,84.68466021679342,579,0,5,5,0,100,0,0,0,0,0,0,0,5,0,0,0,12,0,0,0,0,125,155,143,147,0,589,10,5,2,5,149,148,127,158,2,5
2024-09-27 15:52:15,68.63753509521484,10,8,404.25999999999465,78.86726242490113,553,0,4,4,0,99,0,0,0,0,0,0,0,4,0,0,0,5,0,0,0,0,119,141,139,151,0,563,10,4,4,4,153,139,119,143,4,5
2024-09-27 15:52:15,70.63777709007263,10,8,404.95999999999475,80.69550868682563,538,0,4,4,0,100,0,0,0,0,0,0,0,4,0,0,1,8,0,0,0,0,108,126,153,144,0,548,10,4,5,4,147,154,110,126,5,6
2024-09-27 15:52:15,71.98584008216858,10,8,364.3999999999947,86.35489162988961,577,0,6,6,0,96,0,0,0,0,0,0,0,5,0,1,0,16,0,0,1,0,141,128,170,119,0,585,9,6,6,6,123,174,143,133,6,7
2024-09-27 15:52:15,73.35923600196838,10,8,398.41999999999615,94.12809279561043,611,0,4,4,0,100,0,0,0,0,0,0,0,4,0,0,1,46,0,0,0,0,118,159,156,131,0,621,10,4,7,4,137,187,121,162,7,7
2024-09-27 15:52:15,74.95211601257324,10,8,362.2799999999948,89.86275984346867,611,0,5,5,0,94,0,0,0,0,0,0,0,4,0,1,0,13,0,0,1,0,147,172,144,132,0,619,9,5,7,5,138,146,150,173,7,6
2024-09-27 15:52:15,76.71541905403137,10,8,405.839999999994,94.17825595848262,612,0,3,3,0,100,0,0,0,0,0,0,0,3,0,0,1,12,0,0,0,0,156,176,149,118,0,622,10,3,8,3,123,152,157,178,8,4
2024-09-27 15:52:15,77.71536993980408,10,8,307.8799999999973,63.66582453250885,428,0,4,4,0,83,0,0,0,0,0,0,0,2,0,2,0,10,0,0,2,0,124,107,92,92,0,434,8,4,7,4,98,92,125,108,7,6
2024-09-27 15:52:15,79.01371312141418,10,8,402.81999999999397,82.80340149067342,541,0,6,6,0,100,0,0,0,0,0,0,0,6,0,0,0,11,0,0,0,0,126,114,157,131,0,551,10,6,6,6,134,162,128,115,6,6
2024-09-27 15:52:15,80.31709218025208,10,8,405.2999999999942,89.47931926511228,595,0,5,5,0,100,0,0,0,0,0,0,0,5,0,0,0,9,0,0,0,0,134,165,109,178,0,605,10,5,5,5,182,113,134,166,5,5
2024-09-27 15:52:15,81.55637192726135,10,8,404.5199999999946,91.77797703631222,556,0,6,6,0,100,0,0,0,0,0,0,0,6,0,0,0,4,0,0,0,0,134,162,128,126,0,566,10,6,6,6,127,129,136,162,6,6
2024-09-27 15:52:15,82.65104007720947,10,0,352.57999999999527,72.49129144661129,496,0,5,5,0,90,0,0,0,0,0,0,0,4,0,1,0,17,0,0,1,0,139,104,96,144,0,504,9,5,0,5,152,98,139,107,0,9
2024-09-27 15:52:15,83.83471608161926,10,8,407.6999999999945,82.89278168603778,535,0,2,2,0,100,0,0,0,0,0,0,0,2,0,0,0,4,0,0,0,0,149,165,116,105,0,545,10,2,4,2,106,119,149,165,4,2
2024-09-27 15:52:15,85.09095287322998,10,8,364.3399999999965,90.27306758239865,574,0,2,2,0,94,0,0,0,0,0,0,0,1,0,1,0,13,0,0,1,0,118,176,150,119,0,582,9,2,5,2,124,153,121,177,5,3
2024-09-27 15:52:15,86.47303009033203,10,8,406.47999999999394,84.43009130656719,554,0,3,3,0,100,0,0,0,0,0,0,0,3,0,0,0,5,0,0,0,0,146,174,106,123,0,564,10,3,7,3,124,107,147,176,7,3
2024-09-27 15:52:15,87.65058994293213,10,8,365.71999999999406,78.48159396648407,533,0,6,6,0,96,0,0,0,0,0,0,0,5,0,1,0,4,0,0,1,0,142,118,125,140,0,541,9,6,7,6,140,125,143,120,7,7
2024-09-27 15:52:15,89.02470922470093,10,8,348.13999999999504,84.60874241404235,564,1,6,6,0,91,0,0,0,0,0,0,0,5,0,1,1,40,0,0,1,0,140,129,131,119,0,572,9,6,8,6,120,131,173,131,8,10
2024-09-27 15:52:15,90.19813394546509,10,8,405.019999999994,84.71266813203692,531,0,5,5,0,100,0,0,0,0,0,0,0,5,0,0,0,3,0,0,0,0,131,120,134,142,0,541,10,5,6,5,143,134,131,122,6,5
2024-09-27 15:52:15,91.36070394515991,10,8,407.0399999999949,81.41819932684302,532,0,0,0,0,100,0,0,0,0,0,0,0,0,0,0,0,18,0,0,0,0,135,161,130,97,0,542,10,0,1,0,102,140,138,161,1,0
2024-09-27 15:52:15,92.7159070968628,10,8,399.07999999999464,91.33696635067463,614,0,7,7,0,100,0,0,0,0,0,0,0,7,0,0,0,28,0,0,0,0,147,134,145,152,0,624,10,7,11,7,155,150,165,136,11,7
2024-09-27 15:52:15,93.87939500808716,10,8,347.01999999999543,81.10116780921817,528,1,4,4,0,90,0,0,0,0,0,0,0,3,0,1,1,39,0,0,1,0,118,121,136,110,0,536,9,4,9,4,119,162,119,122,9,6
2024-09-27 15:52:15,95.4448790550232,10,8,351.8399999999939,110.3543071243912,709,0,11,11,0,97,0,0,0,0,0,0,0,10,0,1,0,73,0,0,1,0,147,176,164,132,0,717,9,11,15,11,186,167,161,178,15,11
2024-09-27 15:52:15,96.76050400733948,10,8,357.1799999999946,89.10053365305066,576,0,8,8,0,93,0,0,0,0,0,0,0,7,0,1,0,14,0,0,1,0,144,107,143,163,0,584,9,8,6,8,166,146,147,111,6,9
2024-09-27 15:52:15,98.16268706321716,10,8,405.239999999993,92.704952750355,612,0,5,5,0,100,0,0,0,0,0,0,0,5,0,0,0,8,0,0,0,0,145,163,123,170,0,622,10,5,8,5,172,125,147,165,8,5
2024-09-27 15:52:15,99.51549696922302,10,8,351.9999999999953,75.01922109723091,497,1,6,6,0,90,0,0,0,0,0,0,0,5,0,1,1,4,0,0,1,0,127,104,145,112,0,505,9,6,8,6,114,146,128,104,8,6
2024-09-27 15:52:15,100.73404502868652,10,8,271.0999999999987,68.6854834780097,466,1,9,9,0,82,0,0,0,0,0,0,0,6,0,3,1,18,0,0,3,0,133,133,74,104,0,470,7,9,2,9,109,78,136,134,2,14
2024-09-27 15:52:15,102.10653901100159,10,8,396.3799999999951,91.73679077625275,569,0,3,3,0,100,0,0,0,0,0,0,0,3,0,0,1,58,0,0,0,0,144,147,110,112,0,579,10,3,5,3,112,114,197,148,5,3
2024-09-27 15:52:15,103.36548614501953,10,8,360.15999999999434,79.35573861561716,555,0,6,6,0,94,0,0,0,0,0,0,0,5,0,1,0,13,0,0,1,0,153,137,130,117,0,563,9,6,8,6,117,140,154,138,8,7
2024-09-27 15:52:15,104.61555099487305,10,8,404.9199999999942,87.17891261354089,566,0,4,4,0,100,0,0,0,0,0,0,0,4,0,0,0,8,0,0,0,0,162,144,126,123,0,576,10,4,9,4,123,129,164,147,9,4
2024-09-27 15:52:15,106.03371810913086,10,9,271.159999999998,76.35427189990878,529,0,9,9,0,85,0,0,0,0,0,0,0,6,0,3,0,55,0,0,3,0,121,136,89,121,0,533,7,9,5,9,128,89,121,184,5,9
2024-09-27 15:52:15,107.60813593864441,10,8,353.7599999999952,76.9690023791045,495,1,3,3,0,90,0,0,0,0,0,0,0,2,0,1,1,12,0,0,1,0,122,149,124,91,0,503,9,3,3,3,95,126,125,150,3,5
2024-09-27 15:52:15,109.05504727363586,10,8,402.75999999999345,92.1280427724123,598,0,7,7,0,99,0,0,0,0,0,0,0,7,0,0,1,5,0,0,0,0,147,142,156,148,0,608,10,7,3,7,150,157,148,143,3,7
2024-09-27 15:52:15,110.66301417350769,10,8,403.9399999999951,80.0998219717294,517,0,3,3,0,100,0,0,0,0,0,0,0,3,0,0,1,15,0,0,0,0,146,125,120,113,0,527,10,3,5,3,113,125,155,126,5,3
2024-09-27 15:52:15,111.94017195701599,10,8,399.89999999999424,88.2088925074786,565,0,7,7,0,99,0,0,0,0,0,0,0,7,0,0,0,10,0,0,0,0,143,144,123,138,0,575,10,7,10,7,139,126,145,147,10,8
2024-09-27 15:52:15,113.47456097602844,10,8,369.0399999999935,94.85721767134964,639,0,3,3,0,98,0,0,0,0,0,0,0,2,0,1,0,31,0,0,1,0,121,206,152,129,0,647,9,3,6,3,133,152,146,207,6,4
2024-09-27 15:52:15,114.70390200614929,10,8,283.6799999999973,84.14817347750068,545,0,8,8,0,87,0,0,0,0,0,0,0,5,0,3,0,20,0,0,3,0,140,130,145,106,0,549,7,8,3,8,111,145,144,136,3,13
2024-09-27 15:52:15,115.79480004310608,10,2,358.3399999999951,76.41796008870006,494,0,4,4,0,92,0,0,0,0,0,0,0,3,0,1,0,4,0,0,1,0,96,147,108,136,0,502,9,4,8,4,139,108,96,147,8,5
2024-09-27 15:52:15,117.07163214683533,10,8,406.07999999999413,84.62571222893894,574,0,4,4,0,100,0,0,0,0,0,0,0,4,0,0,0,6,0,0,0,0,152,162,129,125,0,584,10,4,6,4,127,131,153,163,6,4
2024-09-27 15:52:15,118.19028210639954,10,8,276.6399999999982,76.18384366668761,508,1,7,7,0,83,0,0,0,0,0,0,0,5,0,3,1,12,0,0,3,0,73,104,139,177,0,512,7,7,3,7,180,141,76,105,3,10
2024-09-27 15:52:15,119.57666301727295,10,8,359.87999999999425,78.04568663425744,531,0,4,4,0,92,0,0,0,0,0,0,0,3,0,1,0,6,0,0,1,0,151,143,139,95,0,539,9,4,2,4,97,139,153,144,2,5
2024-09-27 15:52:15,120.829824924469,10,8,404.4199999999944,90.04476398415864,541,0,4,4,0,100,0,0,0,0,0,0,0,4,0,0,0,8,0,0,0,0,142,130,115,143,0,551,10,4,9,4,145,117,143,133,9,4
2024-09-27 15:52:15,122.1432409286499,10,8,404.6799999999946,88.15840689465404,534,0,3,3,0,100,0,0,0,0,0,0,0,3,0,0,2,8,0,0,0,0,116,172,114,122,0,544,10,3,9,3,126,114,118,174,9,3
2024-09-27 15:52:15,123.31638503074646,10,8,360.8999999999965,82.61773267574608,522,0,4,4,0,93,0,0,0,0,0,0,0,3,0,1,0,8,0,0,1,0,126,132,145,112,0,530,9,4,4,4,115,146,128,134,4,4
2024-09-27 15:52:15,124.36553120613098,10,8,364.4999999999947,78.0138680189848,482,0,3,3,0,95,0,0,0,0,0,0,0,2,0,1,0,12,0,0,1,0,120,136,92,126,0,490,9,3,2,3,129,95,124,137,2,4
2024-09-27 15:52:15,125.72994089126587,10,9,365.0799999999938,84.73969022743404,531,0,4,4,0,95,0,0,0,0,0,0,0,3,0,1,0,8,0,0,1,0,154,146,117,107,0,539,9,4,4,4,109,118,159,146,4,4
2024-09-27 15:52:15,126.81303286552429,10,8,317.4199999999963,78.44917735643685,495,1,5,5,0,92,0,0,0,0,0,0,0,3,0,2,1,12,0,0,2,0,126,124,75,115,0,501,8,5,46,5,118,80,126,127,46,6
2024-09-27 15:52:15,128.03632712364197,10,8,407.3799999999934,89.78670095838606,559,0,3,3,0,100,0,0,0,0,0,0,0,3,0,0,0,7,0,0,0,0,171,144,119,124,0,569,10,3,1,3,127,121,173,144,1,3
2024-09-27 15:52:15,129.2261712551117,10,8,406.45999999999384,82.39619639515877,543,0,4,4,0,100,0,0,0,0,0,0,0,4,0,0,0,5,0,0,0,0,171,102,152,117,0,553,10,4,2,4,119,153,171,104,2,4
2024-09-27 15:52:15,130.49269104003906,10,8,399.759999999994,88.0230723861605,578,0,5,5,0,99,0,0,0,0,0,0,0,5,0,0,0,24,0,0,0,0,127,153,134,139,0,588,10,5,6,5,142,137,129,169,6,5
2024-09-27 15:52:15,131.70547008514404,10,8,405.2799999999945,78.80387678928673,514,0,4,4,0,100,0,0,0,0,0,0,0,4,0,0,0,6,0,0,0,0,128,135,116,131,0,524,10,4,4,4,132,118,129,137,4,4
2024-09-27 15:52:15,132.82908487319946,10,8,401.47999999999473,79.22586577013135,504,0,2,2,0,100,0,0,0,0,0,0,0,2,0,0,0,32,0,0,0,0,125,91,139,121,0,514,10,2,4,2,124,139,126,119,4,2
2024-09-27 15:52:15,133.87884306907654,10,8,405.9999999999942,76.33266917802393,490,0,1,1,0,99,0,0,0,0,0,0,0,1,0,0,0,4,0,0,0,0,151,91,138,113,0,500,10,1,2,1,115,140,151,91,2,1
2024-09-27 15:52:15,135.2725591659546,10,8,365.05999999999364,94.67322792671621,620,1,9,9,0,97,0,0,0,0,0,0,0,8,0,1,1,11,0,0,1,0,135,157,126,185,0,628,9,9,6,9,187,129,137,159,6,11
2024-09-27 15:52:15,136.44460105895996,10,8,409.03999999999456,86.76156933419406,552,0,1,1,0,100,0,0,0,0,0,0,0,1,0,0,1,4,0,0,0,0,101,155,129,170,0,562,10,1,2,1,171,129,103,156,2,1
2024-09-27 15:52:15,137.7074282169342,10,8,395.9999999999974,90.8455255124718,590,0,1,1,0,100,0,0,0,0,0,0,0,1,0,0,0,72,0,0,0,0,137,109,127,150,0,600,10,1,4,1,151,128,204,112,4,1
2024-09-27 15:52:15,138.7780680656433,10,8,408.2599999999943,78.373290726915,503,0,1,1,0,100,0,0,0,0,0,0,0,1,0,0,0,3,0,0,0,0,133,136,118,119,0,513,10,1,3,1,120,119,133,137,3,1
2024-09-27 15:52:15,140.12916707992554,10,8,403.4399999999943,91.32379121519625,582,0,7,7,0,100,0,0,0,0,0,0,0,7,0,0,0,6,0,0,0,0,154,115,162,140,0,592,10,7,8,7,142,165,154,116,8,7
2024-09-27 15:52:15,141.66637897491455,10,9,403.5799999999938,89.81044772826135,559,0,4,4,0,99,0,0,0,0,0,0,0,4,0,0,0,7,0,0,0,0,133,164,129,126,0,569,10,4,6,4,129,130,135,165,6,4
2024-09-27 15:52:15,143.17111492156982,10,8,405.7199999999938,89.01650534756482,586,0,5,5,0,100,0,0,0,0,0,0,0,5,0,0,0,7,0,0,0,0,136,150,142,152,0,596,10,5,4,5,153,143,139,152,4,5
2024-09-27 15:52:15,144.58546829223633,10,8,359.25999999999505,88.09486004710197,570,0,2,2,0,92,0,0,0,0,0,0,0,1,0,1,0,20,0,0,1,0,139,155,104,156,0,578,9,2,3,2,158,117,141,158,3,2
2024-09-27 15:52:15,145.78221011161804,10,8,405.07999999999424,86.58940964192152,534,0,1,1,0,100,0,0,0,0,0,0,0,1,0,0,0,23,0,0,0,0,135,177,90,116,0,544,10,1,2,1,118,91,151,180,2,2
2024-09-27 15:52:15,147.07390308380127,10,8,403.7999999999945,92.30261223949492,580,0,7,7,0,100,0,0,0,0,0,0,0,7,0,0,1,5,0,0,0,0,134,170,139,129,0,590,10,7,6,7,129,140,135,172,6,8
2024-09-27 15:52:15,148.33994221687317,10,8,368.59999999999496,89.7475317902863,577,0,6,6,0,97,0,0,0,0,0,0,0,5,0,1,0,7,0,0,1,0,127,151,163,128,0,585,9,6,4,6,130,163,128,154,4,7
2024-09-27 15:52:15,149.44093704223633,10,8,406.5999999999939,80.70283985324204,510,0,3,3,0,100,0,0,0,0,0,0,0,3,0,0,0,3,0,0,0,0,136,149,106,119,0,520,10,3,4,3,119,106,137,151,4,3
2024-09-27 15:52:15,150.59027004241943,10,8,405.2599999999949,83.53296511434019,533,0,2,2,0,99,0,0,0,0,0,0,0,2,0,0,0,9,0,0,0,0,117,116,136,162,0,543,10,2,1,2,166,137,119,118,1,2
2024-09-27 15:52:15,151.82481503486633,10,8,400.0799999999939,80.58475157432258,554,0,6,6,0,98,0,0,0,0,0,0,0,6,0,0,0,11,0,0,0,0,132,148,167,99,0,564,10,6,1,6,103,172,133,149,1,6
2024-09-27 15:52:15,153.15958189964294,10,8,400.97999999999587,86.70688726007938,559,0,3,3,0,99,0,0,0,0,0,0,0,3,0,0,0,27,0,0,0,0,112,149,150,125,0,569,10,3,3,3,125,177,112,149,3,3
2024-09-27 15:52:15,154.66565823554993,10,8,405.53999999999286,103.07817645929754,667,0,7,7,0,100,0,0,0,0,0,0,0,7,0,0,0,8,0,0,0,0,137,179,204,138,0,677,10,7,4,7,141,206,138,181,4,7
2024-09-27 15:52:15,155.86600303649902,10,8,374.599999999995,83.93797985650599,552,0,3,3,0,99,0,0,0,0,0,0,0,3,0,1,0,4,0,0,1,0,150,149,139,109,0,560,9,3,7,3,109,141,151,149,7,4
2024-09-27 15:52:15,157.11910200119019,10,8,406.2799999999935,93.19944025576115,564,0,3,3,0,100,0,0,0,0,0,0,0,3,0,0,0,7,0,0,0,0,124,143,174,116,0,574,10,3,7,3,119,175,125,144,7,4
2024-09-27 15:52:15,158.40857005119324,10,8,403.519999999994,90.29719263128936,556,0,7,7,0,100,0,0,0,0,0,0,0,7,0,0,1,8,0,0,0,0,136,129,165,119,0,566,10,7,2,7,121,166,137,132,2,8
2024-09-27 15:52:15,159.6170790195465,10,8,404.73999999999376,87.14518438279629,547,0,6,6,0,100,0,0,0,0,0,0,0,6,0,0,0,7,0,0,0,0,141,130,142,130,0,557,10,6,1,6,130,145,144,131,1,6
2024-09-27 15:52:15,160.90168499946594,10,8,400.61999999999387,89.64170510321856,581,0,6,6,0,100,0,0,0,0,0,0,0,6,0,0,1,24,0,0,0,0,141,104,164,145,0,591,10,6,7,6,147,164,143,123,7,7
2024-09-27 15:52:15,162.22250699996948,10,8,409.139999999993,97.1797861866653,607,0,3,3,0,100,0,0,0,0,0,0,0,3,0,0,0,3,0,0,0,0,149,176,155,130,0,617,10,3,1,3,130,156,151,176,1,3
2024-09-27 15:52:15,163.62955117225647,10,8,369.81999999999454,79.23561757430434,488,1,4,4,0,98,0,0,0,0,0,0,0,3,0,1,1,8,0,0,1,0,121,143,87,132,0,496,9,4,2,4,136,87,121,146,2,5
2024-09-27 15:52:15,164.9022572040558,10,8,406.0199999999946,78.73420060798526,511,0,2,2,0,100,0,0,0,0,0,0,0,2,0,0,0,6,0,0,0,0,115,120,136,134,0,521,10,2,8,2,136,136,116,123,8,2
2024-09-27 15:52:15,166.1229190826416,10,8,407.2199999999934,93.89002052880824,551,0,4,4,0,100,0,0,0,0,0,0,0,4,0,0,0,3,0,0,0,0,133,117,144,159,0,561,10,4,1,4,159,145,134,118,1,4
2024-09-27 15:52:15,167.25022220611572,10,8,407.93999999999426,83.88038555532694,517,0,2,2,0,100,0,0,0,0,0,0,0,2,0,0,0,4,0,0,0,0,128,141,126,125,0,527,10,2,1,2,127,126,129,142,1,2
2024-09-27 15:52:15,168.35776114463806,10,8,365.53999999999536,86.58268429897726,514,0,5,5,0,96,0,0,0,0,0,0,0,4,0,1,0,13,0,0,1,0,170,90,124,120,0,522,9,5,1,5,125,131,170,91,1,5
2024-09-27 15:52:15,169.50345706939697,10,8,409.739999999994,85.55842157639563,537,0,0,0,0,100,0,0,0,0,0,0,0,0,0,0,0,5,0,0,0,0,104,134,129,174,0,547,10,0,1,0,177,129,106,134,1,0
2024-09-27 15:52:15,170.71213006973267,10,8,406.61999999999364,86.28028322570026,531,0,3,3,0,100,0,0,0,0,0,0,0,3,0,0,1,5,0,0,0,0,143,146,130,111,0,541,10,3,3,3,113,131,143,148,3,3
2024-09-27 15:52:15,171.94350790977478,10,8,407.23999999999444,85.33854973316193,522,0,3,3,0,100,0,0,0,0,0,0,0,3,0,0,0,3,0,0,0,0,143,138,135,108,0,532,10,3,2,3,109,135,143,139,2,4
2024-09-27 15:52:15,173.14787983894348,10,8,405.1199999999939,90.62694627605379,546,0,5,5,0,100,0,0,0,0,0,0,0,5,0,0,0,7,0,0,0,0,145,130,116,150,0,556,10,5,3,5,152,117,148,131,3,5
2024-09-27 15:52:15,174.37960815429688,10,8,406.5799999999943,86.74968152306974,519,0,3,3,0,100,0,0,0,0,0,0,0,3,0,0,0,7,0,0,0,0,123,122,115,158,0,529,10,3,1,3,158,116,129,122,1,3
2024-09-27 15:52:15,175.4065511226654,10,8,407.47999999999473,78.78573205880821,474,0,0,0,0,100,0,0,0,0,0,0,0,0,0,0,0,7,0,0,0,0,104,116,125,128,0,484,10,0,4,0,133,127,104,116,4,0
2024-09-27 15:52:15,176.67926597595215,10,8,403.1199999999941,94.29122854955494,566,0,5,5,0,99,0,0,0,0,0,0,0,5,0,0,0,8,0,0,0,0,148,148,100,163,0,576,10,5,4,5,167,101,149,150,4,5
2024-09-27 15:52:15,177.7203550338745,10,8,406.15999999999445,80.62402803078294,478,0,3,3,0,100,0,0,0,0,0,0,0,3,0,0,0,3,0,0,0,0,137,111,116,115,0,488,10,3,3,3,116,117,137,112,3,3
2024-09-27 15:52:15,178.9516122341156,10,8,347.83999999999605,94.37145583704114,579,0,3,3,0,95,0,0,0,0,0,0,0,2,0,1,0,72,0,0,1,0,102,114,139,123,0,587,9,3,35,3,125,208,102,115,35,3
2024-09-27 15:52:15,180.05181002616882,10,8,401.91999999999587,85.82493700832129,516,0,5,5,0,100,0,0,0,0,0,0,0,5,0,0,0,22,0,0,0,0,119,112,122,145,0,526,10,5,1,5,147,124,137,112,1,5
2024-09-27 15:52:15,181.44642996788025,10,8,408.2799999999941,100.30053500644863,564,0,2,2,0,100,0,0,0,0,0,0,0,2,0,0,0,5,0,0,0,0,129,150,128,157,0,574,10,2,3,2,158,128,133,150,3,2
2024-09-27 15:52:15,182.55196595191956,10,8,408.5799999999942,84.00721163861454,489,0,1,1,0,100,0,0,0,0,0,0,0,1,0,0,0,0,0,0,0,0,97,91,164,143,0,499,10,1,3,1,143,164,97,91,3,1
2024-09-27 15:52:15,183.59745001792908,10,8,407.0799999999949,80.73857419192791,474,0,2,2,0,100,0,0,0,0,0,0,0,2,0,0,0,1,0,0,0,0,124,102,151,100,0,484,10,2,4,2,100,151,124,103,4,2
2024-09-27 15:52:15,184.7479190826416,10,8,354.3799999999953,82.8938182797283,486,0,2,2,0,91,0,0,0,0,0,0,0,1,0,1,0,23,0,0,1,0,103,97,142,122,0,494,9,2,6,2,123,143,122,97,6,4
2024-09-27 15:52:15,186.0830991268158,10,8,400.05999999999466,102.19460193626583,593,0,2,2,0,100,0,0,0,0,0,0,0,2,0,0,0,50,0,0,0,0,159,142,141,107,0,603,10,2,2,2,110,163,178,147,2,3
2024-09-27 15:52:15,187.22391200065613,10,8,330.5399999999952,89.40540041401982,521,0,3,3,0,92,0,0,0,0,0,0,0,1,0,2,0,6,0,0,2,0,111,157,120,131,0,527,8,3,1,3,131,121,111,157,1,8
2024-09-27 15:52:15,188.37999510765076,10,9,401.2799999999947,89.95751795172691,534,0,5,5,0,98,0,0,0,0,0,0,0,5,0,0,0,4,0,0,0,0,117,156,124,134,0,544,10,5,4,5,135,124,118,157,4,6
2024-09-27 15:52:15,189.46607112884521,10,8,404.6799999999945,82.15462852455676,489,0,5,5,0,100,0,0,0,0,0,0,0,6,0,0,0,6,0,0,0,0,100,123,120,144,0,499,10,5,1,5,145,123,101,123,1,6
2024-09-27 15:52:15,190.67179489135742,10,8,407.1399999999941,96.67619966901839,537,0,3,3,0,100,0,0,0,0,0,0,0,3,0,0,0,4,0,0,0,0,139,143,142,113,0,547,10,3,3,3,115,143,140,143,3,3
2024-09-27 15:52:15,191.73148608207703,10,8,356.27999999999514,78.44268562085927,466,0,5,5,0,91,0,0,0,0,0,0,0,5,0,1,0,3,0,0,1,0,101,117,111,135,0,474,9,5,3,5,136,112,101,117,3,6
2024-09-27 15:52:15,192.88298392295837,10,8,408.0399999999935,90.59791668877006,532,0,2,2,0,100,0,0,0,0,0,0,0,2,0,0,0,5,0,0,0,0,132,124,138,140,0,542,10,2,1,2,140,138,135,125,1,3
2024-09-27 15:52:15,194.1663112640381,10,8,406.2599999999941,88.31178475543857,523,0,4,4,0,100,0,0,0,0,0,0,0,4,0,0,0,4,0,0,0,0,136,116,144,127,0,533,10,4,2,4,128,145,137,116,2,5
2024-09-27 15:52:15,195.6082570552826,10,8,409.55999999999403,90.1661822386086,528,0,0,0,0,100,0,0,0,0,0,0,0,0,0,0,0,3,0,0,0,0,115,127,142,148,0,538,10,0,3,0,148,142,116,129,3,0
2024-09-27 15:52:15,197.06820106506348,10,8,408.7599999999933,98.4159524962306,568,0,2,2,0,100,0,0,0,0,0,0,0,2,0,0,0,2,0,0,0,0,178,157,127,108,0,578,10,2,4,2,109,128,178,157,4,2
2024-09-27 15:52:15,198.17852210998535,10,8,406.9599999999945,85.46400787122548,498,0,2,2,0,100,0,0,0,0,0,0,0,2,0,0,0,5,0,0,0,0,131,147,99,121,0,508,10,2,3,2,122,100,131,150,3,2
2024-09-27 15:52:15,199.66778326034546,10,8,407.19999999999425,101.71615299396217,580,0,3,3,0,100,0,0,0,0,0,0,0,3,0,0,0,6,0,0,0,0,136,105,175,160,0,590,10,3,5,3,161,176,137,108,5,3
2024-09-27 15:52:15,201.38624000549316,10,8,402.81999999999204,130.81468116678298,791,0,4,4,0,100,0,0,0,0,0,0,0,4,0,0,0,44,0,0,0,0,146,226,212,163,0,801,10,4,6,4,167,212,146,262,6,8
2024-09-27 15:52:15,202.6082410812378,10,8,405.839999999994,92.01313890516758,522,0,5,5,0,100,0,0,0,0,0,0,0,5,0,0,0,2,0,0,0,0,126,125,161,111,0,532,10,5,2,5,112,161,127,125,2,5
2024-09-27 15:52:15,203.8206992149353,10,8,409.19999999999385,92.40055025927722,530,0,1,1,0,100,0,0,0,0,0,0,0,1,0,0,0,3,0,0,0,0,139,130,128,138,0,540,10,1,1,1,138,130,139,131,1,1
2024-09-27 15:52:15,204.93412399291992,10,8,407.7399999999946,85.8713847156614,507,0,2,2,0,100,0,0,0,0,0,0,0,2,0,0,0,3,0,0,0,0,127,115,125,143,0,517,10,2,2,2,144,126,127,116,2,2
2024-09-27 15:52:15,206.34007501602173,10,8,404.2799999999943,90.30225204862654,544,0,7,7,0,100,0,0,0,0,0,0,0,7,0,0,0,4,0,0,0,0,140,169,103,129,0,554,10,7,2,7,132,104,140,169,2,7
2024-09-27 15:52:15,207.42774295806885,10,8,374.8599999999939,88.19349866174161,505,0,1,1,0,98,0,0,0,0,0,0,0,1,0,1,0,1,0,0,1,0,119,109,142,140,0,513,9,1,2,1,140,142,119,110,2,1
2024-09-27 15:52:15,208.39006304740906,10,8,359.9799999999959,78.73792320862412,441,0,3,3,0,92,0,0,0,0,0,0,0,3,0,1,0,2,0,0,1,0,107,110,115,112,0,449,9,3,1,3,112,115,108,111,1,3
2024-09-27 15:52:15,209.47296524047852,10,8,358.6599999999946,83.81812079623342,500,1,1,1,0,91,0,0,0,0,0,0,0,0,0,1,1,3,0,0,1,0,122,121,139,117,0,508,9,1,6,1,117,141,123,121,6,1
2024-09-27 15:52:15,210.64836502075195,10,8,408.5399999999939,89.85803483054042,527,0,2,2,0,100,0,0,0,0,0,0,0,2,0,0,0,2,0,0,0,0,113,154,133,132,0,537,10,2,1,2,133,134,113,154,1,2
2024-09-27 15:52:15,211.97166109085083,10,8,405.3399999999929,101.22410878539085,602,0,2,2,0,100,0,0,0,0,0,0,0,3,0,0,0,24,0,0,0,0,162,147,113,161,0,612,10,2,3,2,161,134,163,149,3,2
2024-09-27 15:52:15,213.12879705429077,10,8,403.45999999999435,94.60096285678446,523,0,4,4,0,99,0,0,0,0,0,0,0,4,0,0,0,8,0,0,0,0,119,146,109,145,0,533,10,4,2,4,145,110,121,149,2,6
2024-09-27 15:52:15,214.37444305419922,10,8,400.5799999999959,101.42473479174078,559,0,1,1,0,100,0,0,0,0,0,0,0,1,0,0,0,49,0,0,0,0,154,138,97,129,0,569,10,1,1,1,129,97,155,186,1,1
2024-09-27 15:52:15,215.53107810020447,10,8,360.75999999999726,93.90855108760297,530,0,2,2,0,95,0,0,0,0,0,0,0,2,0,1,0,40,0,0,1,0,103,133,123,136,0,538,9,2,2,2,137,161,104,133,2,2
2024-09-27 15:52:15,216.69926500320435,10,8,408.45999999999435,87.26730546914041,503,0,1,1,0,100,0,0,0,0,0,0,0,1,0,0,0,4,0,0,0,0,138,138,113,118,0,513,10,1,1,1,121,113,139,138,1,1
2024-09-27 15:52:15,217.8272409439087,10,8,406.57999999999475,84.55421187728643,499,0,0,0,0,100,0,0,0,0,0,0,0,0,0,0,0,2,0,0,0,0,133,133,97,128,0,509,10,0,16,0,130,97,133,133,16,0
2024-09-27 15:52:15,219.18690299987793,10,8,404.67999999999483,91.86377658694983,504,0,3,3,0,99,0,0,0,0,0,0,0,3,0,0,0,4,0,0,0,0,118,142,113,132,0,514,10,3,2,3,132,115,119,142,2,4
2024-09-27 15:52:15,220.28568816184998,10,8,364.53999999999417,90.17229938320816,494,0,3,3,0,94,0,0,0,0,0,0,0,2,0,1,0,4,0,0,1,0,108,138,127,122,0,502,9,3,1,3,122,127,112,138,1,3
2024-09-27 15:52:15,221.4208540916443,10,8,407.9599999999945,93.15636891126633,518,0,2,2,0,100,0,0,0,0,0,0,0,2,0,0,0,2,0,0,0,0,128,146,125,122,0,528,10,2,3,2,122,126,128,147,3,2
2024-09-27 15:52:15,222.53858304023743,10,8,358.95999999999475,87.80691930651665,505,1,3,3,0,92,0,0,0,0,0,0,0,2,0,1,1,7,0,0,1,0,127,116,142,116,0,513,9,3,3,3,121,142,127,118,3,3
2024-09-27 15:52:15,223.7817621231079,10,8,409.69999999999345,100.86493169516325,555,0,1,1,0,100,0,0,0,0,0,0,0,1,0,0,1,1,0,0,0,0,140,131,174,116,0,565,10,1,2,1,116,174,140,131,2,2
2024-09-27 15:52:15,224.99634885787964,10,8,408.51999999999396,91.09430615603924,546,0,2,2,0,100,0,0,0,0,0,0,0,2,0,0,0,1,0,0,0,0,158,133,138,120,0,556,10,2,4,2,121,138,158,133,4,2
2024-09-27 15:52:15,226.23653411865234,10,8,410.11999999999404,93.92130726575851,536,0,0,0,0,100,0,0,0,0,0,0,0,0,0,0,0,3,0,0,0,0,126,144,123,149,0,546,10,0,1,0,152,123,126,144,1,0
2024-09-27 15:52:15,227.69617319107056,10,8,405.1599999999949,83.15510091930628,498,0,3,3,0,100,0,0,0,0,0,0,0,3,0,0,0,3,0,0,0,0,121,120,130,121,0,508,10,3,10,3,123,131,121,120,10,3
2024-09-27 15:52:15,228.84389209747314,10,8,316.5599999999962,78.6852487269789,472,1,2,2,0,86,0,0,0,0,0,0,0,0,0,2,1,9,0,0,2,0,131,133,91,111,0,478,8,2,3,2,117,93,132,133,3,2
2024-09-27 15:52:15,229.96226406097412,10,8,407.0799999999944,88.71153550967574,514,0,3,3,0,100,0,0,0,0,0,0,0,3,0,0,0,2,0,0,0,0,134,121,132,129,0,524,10,3,3,3,129,133,134,121,3,4
2024-09-27 15:52:15,231.15095400810242,10,8,408.75999999999436,95.17047714442015,518,0,1,1,0,100,0,0,0,0,0,0,0,1,0,0,0,2,0,0,0,0,122,124,145,131,0,528,10,1,3,1,131,146,123,124,3,1
2024-09-27 15:52:15,232.40611004829407,10,8,396.31999999999505,103.7905719038099,586,0,1,1,0,100,0,0,0,0,0,0,0,1,0,0,0,71,0,0,0,0,125,148,123,125,0,596,10,1,3,1,126,124,194,148,3,1
2024-09-27 15:52:15,233.6756250858307,10,8,397.4199999999933,103.00639013200998,591,0,2,2,0,100,0,0,0,0,0,0,0,2,0,0,0,61,0,0,0,0,131,146,130,127,0,601,10,2,4,2,127,191,131,146,4,2
2024-09-27 15:52:15,234.61610007286072,10,8,407.35999999999507,80.45891750603914,438,0,1,1,0,100,0,0,0,0,0,0,0,1,0,0,0,1,0,0,0,0,77,114,111,141,0,448,10,1,3,1,142,111,77,114,3,1
2024-09-27 15:52:15,235.6973729133606,10,8,355.7599999999961,85.44569342397153,495,0,1,1,0,91,0,0,0,0,0,0,0,0,0,1,0,26,0,0,1,0,130,122,131,93,0,503,9,1,1,1,113,135,130,124,1,1
2024-09-27 15:52:15,237.14865517616272,10,8,412.59999999999155,112.49306154996157,660,0,0,0,0,100,0,0,0,0,0,0,0,0,0,0,0,3,0,0,0,0,197,138,158,173,0,670,10,0,1,0,173,159,198,139,1,0
2024-09-27 15:52:15,238.55373311042786,10,8,408.47999999999394,89.7764171808958,534,0,2,2,0,100,0,0,0,0,0,0,0,2,0,0,0,2,0,0,0,0,158,116,134,130,0,544,10,2,2,2,130,136,158,116,2,2
2024-09-27 15:52:15,239.5444359779358,10,8,403.5999999999954,75.6496350504458,450,0,2,2,0,100,0,0,0,0,0,0,0,2,0,0,0,18,0,0,0,0,130,107,131,70,0,460,10,2,2,2,71,146,130,107,2,4
2024-09-27 15:52:15,240.78231716156006,10,8,372.6599999999954,93.35733547434211,540,0,3,3,0,98,0,0,0,0,0,0,0,2,0,1,0,7,0,0,1,0,176,107,148,106,0,548,9,3,2,3,112,148,176,108,2,3
2024-09-27 15:52:15,241.99425411224365,10,8,372.8599999999941,99.50665979087353,540,0,3,3,0,98,0,0,0,0,0,0,0,2,0,1,0,4,0,0,1,0,126,140,133,139,0,548,9,3,4,3,141,133,126,142,4,3
2024-09-27 15:52:15,243.006609916687,10,8,408.1799999999947,82.77630648761988,469,0,1,1,0,100,0,0,0,0,0,0,0,1,0,0,0,3,0,0,0,0,140,130,114,91,0,479,10,1,0,1,91,115,141,131,0,1
2024-09-27 15:52:15,244.13371205329895,10,8,358.2399999999953,86.52917937934399,509,1,7,7,0,95,0,0,0,0,0,0,0,6,0,1,1,27,0,0,1,0,130,110,130,113,0,517,9,7,1,7,115,130,152,110,1,10
2024-09-27 15:52:15,245.13583612442017,10,8,357.9399999999946,74.57217613607645,444,1,2,2,0,91,0,0,0,0,0,0,0,1,0,1,1,3,0,0,1,0,98,134,100,116,0,452,9,2,0,2,118,101,98,134,0,2
2024-09-27 15:52:15,246.46576619148254,10,8,406.5799999999943,98.73376665636897,569,0,3,3,0,100,0,0,0,0,0,0,0,3,0,0,0,9,0,0,0,0,114,158,131,160,0,579,10,3,4,3,160,131,123,158,4,3
2024-09-27 15:52:15,247.485769033432,10,8,408.85999999999484,81.72057819366455,473,0,0,0,0,100,0,0,0,0,0,0,0,0,0,0,0,4,0,0,0,0,131,132,91,125,0,483,10,0,0,0,126,91,132,134,0,0
2024-09-27 15:52:15,248.64193105697632,10,8,406.13999999999487,92.23405826464295,517,0,3,3,0,100,0,0,0,0,0,0,0,3,0,0,0,4,0,0,0,0,153,123,129,109,0,527,10,3,6,3,111,130,153,124,6,3
2024-09-27 15:52:15,249.90487718582153,10,8,409.87999999999374,94.579112065956,534,0,1,1,0,100,0,0,0,0,0,0,0,1,0,0,0,0,0,0,0,0,159,104,168,111,0,544,10,1,1,1,111,168,159,104,1,1
2024-09-27 15:52:15,250.992005109787,10,8,410.079999999994,90.90460517071187,504,0,0,0,0,100,0,0,0,0,0,0,0,0,0,0,0,0,0,0,0,0,142,114,133,124,0,514,10,0,1,0,124,133,142,114,1,0
2024-09-27 15:52:15,251.99906706809998,10,8,408.4799999999952,82.56969657726586,474,0,1,1,0,100,0,0,0,0,0,0,0,1,0,0,0,1,0,0,0,0,110,108,138,125,0,484,10,1,1,1,126,138,110,108,1,1
2024-09-27 15:52:15,253.41637802124023,10,8,410.05999999999256,113.14111244864762,643,0,2,2,0,100,0,0,0,0,0,0,0,2,0,0,0,4,0,0,0,0,147,169,176,152,0,653,10,2,3,2,153,177,148,170,3,2
2024-09-27 15:52:15,254.55816006660461,10,8,406.2799999999941,88.44316232949495,514,0,3,3,0,100,0,0,0,0,0,0,0,3,0,0,0,7,0,0,0,0,126,127,101,158,0,524,10,3,2,3,159,104,128,128,2,3
2024-09-27 15:52:15,255.67394518852234,10,8,407.9799999999942,90.12978786230087,499,0,2,2,0,100,0,0,0,0,0,0,0,2,0,0,1,1,0,0,0,0,125,131,124,125,0,509,10,2,1,2,125,124,125,132,1,2
2024-09-27 15:52:15,256.90312123298645,10,8,407.4999999999937,91.8041813466698,535,0,3,3,0,100,0,0,0,0,0,0,0,3,0,0,0,4,0,0,0,0,120,134,138,145,0,545,10,3,1,3,146,139,121,135,1,3
2024-09-27 15:57:35,1.9006800651550293,10,0,-171.04000000000374,59.44524647295475,908,5,16,16,0,2,9,0,0,17,17,0,0,6,0,10,8,440,0,0,10,0,112,101,89,89,0,898,0,5,61,16,198,143,352,135,61,19
2024-09-27 15:57:35,4.375652074813843,10,0,-117.039999999999,41.96854139416246,1106,3,19,17,0,1,5,0,0,11,11,0,0,9,0,9,4,287,0,0,9,0,315,79,57,290,0,1098,1,10,60,19,403,185,340,92,60,27
2024-09-27 15:57:35,7.369824171066284,10,0,-110.13999999999807,61.45588796836091,1431,2,27,27,0,0,7,0,1,13,13,0,0,19,0,9,3,291,0,0,9,0,338,224,189,322,0,1423,1,17,41,27,410,287,357,303,41,34
2024-09-27 15:57:35,10.576726198196411,10,0,-110.60000000000517,59.167741399258375,1458,5,20,20,0,2,7,0,0,10,10,0,0,12,0,9,6,311,0,0,9,0,324,232,201,331,0,1450,1,11,40,20,382,320,379,307,40,31
2024-09-27 15:57:35,15.0256929397583,10,0,-42.58000000000194,82.05285986517265,2150,2,37,37,0,0,2,0,0,10,10,0,0,32,0,7,7,244,0,0,7,0,590,342,317,586,0,2146,3,30,37,37,680,378,643,371,37,44
2024-09-27 15:57:35,19.536437034606934,10,0,-23.59999999999915,78.42258853075327,2224,1,34,33,0,4,7,0,0,13,13,0,0,28,0,7,4,173,0,0,7,0,482,498,464,462,0,2220,3,24,114,34,477,560,498,537,114,41
2024-09-27 15:57:35,20.806260108947754,10,0,-127.6599999999983,20.253634565829998,592,3,13,13,0,1,4,0,0,8,8,0,0,4,0,10,4,182,0,0,10,0,71,136,114,59,0,582,0,7,17,13,137,123,152,144,17,19
2024-09-27 15:57:35,25.05767512321472,10,0,-111.29999999998972,66.59599246710422,1965,3,34,34,0,1,8,0,0,13,13,0,0,24,0,10,7,181,0,0,10,0,363,504,466,381,0,1955,0,22,36,34,414,500,424,544,36,47
2024-09-27 15:57:35,28.017126321792603,10,0,-31.860000000001605,48.26791263769701,1493,1,24,24,0,2,6,0,0,11,11,0,0,18,0,8,2,93,0,0,8,0,372,317,311,355,0,1487,2,14,23,24,370,333,405,328,23,36
2024-09-27 15:57:35,30.990976095199585,10,0,-112.39999999999942,43.15800505538937,1358,1,25,25,0,4,13,0,0,21,21,0,0,17,0,9,3,427,0,0,9,0,238,226,207,212,0,1350,1,8,24,25,239,320,332,402,24,42
2024-09-27 15:57:35,35.65648102760315,10,1,-43.58000000000299,67.81153643492144,1947,1,46,46,0,6,16,0,0,33,33,0,0,40,0,8,3,245,0,0,8,0,402,398,392,371,0,1941,2,19,95,46,454,416,453,472,95,59
2024-09-27 15:57:35,39.20744013786316,10,0,-19.88000000000242,53.083213925594464,1547,2,37,37,0,4,11,0,1,25,25,0,0,30,0,8,3,117,0,0,8,0,346,326,320,387,0,1541,2,17,16,37,418,353,360,349,16,53
2024-09-27 15:57:35,43.94256615638733,10,0,-18.579999999999455,73.7810477699386,2097,1,47,47,0,7,18,0,0,37,37,0,0,39,0,8,5,239,0,0,8,0,515,402,376,489,0,2091,2,15,31,47,595,427,555,419,31,72
2024-09-27 15:57:35,47.02867913246155,10,3,-15.10000000000194,39.43249958392698,1168,4,43,43,0,11,27,0,6,52,52,0,0,34,0,9,4,152,0,0,9,0,249,216,204,262,0,1160,1,8,43,43,274,268,295,224,43,65
2024-09-27 15:57:35,49.92241311073303,10,3,-51.720000000002194,46.519457079004496,1219,3,55,55,0,20,33,0,1,60,60,0,0,46,0,10,4,206,0,0,10,0,236,183,178,250,0,1209,0,12,111,55,298,285,270,191,111,64
2024-09-27 15:57:35,52.01742625236511,10,0,-45.73999999999946,36.652070147916675,908,1,39,39,0,10,20,0,2,46,46,0,0,30,0,10,2,73,0,0,10,0,249,139,136,235,0,898,0,6,37,39,241,179,259,145,37,47
2024-09-27 15:57:35,53.35536217689514,10,1,-84.75999999999799,24.30567067093216,562,6,30,30,0,3,13,0,1,32,32,0,0,20,0,10,9,73,0,0,10,0,107,123,100,99,0,552,0,6,30,30,112,122,116,145,30,37
2024-09-27 15:57:35,56.5725200176239,10,1,-80.99999999999996,60.20191315130796,1360,6,43,43,0,7,18,0,2,53,53,0,0,33,0,10,6,237,0,0,10,0,353,159,122,380,0,1350,0,5,66,43,398,206,397,242,66,51
2024-09-27 15:57:35,59.01380705833435,10,0,-56.22000000000176,43.74331614130642,964,1,40,40,0,7,20,0,0,48,48,0,0,31,0,10,1,111,0,0,10,0,212,190,191,205,0,954,0,8,15,40,210,270,228,196,15,45
2024-09-27 15:57:35,61.24516201019287,10,0,-49.500000000000256,42.06193840596825,920,2,43,43,0,14,30,0,1,50,50,0,0,34,0,10,4,145,0,0,10,0,126,235,207,106,0,910,0,5,58,43,116,242,196,250,58,58
2024-09-27 15:57:35,62.991682052612305,10,0,-43.299999999999294,36.10658539622091,705,1,40,40,0,9,23,0,1,48,48,0,0,34,0,10,4,47,0,0,10,0,113,198,147,125,0,695,0,4,35,40,134,165,123,201,35,47
2024-09-27 15:57:35,64.31368494033813,10,0,-43.21999999999985,27.458589402027428,529,2,41,41,0,6,25,0,2,57,57,0,0,33,0,10,5,45,0,0,10,0,95,119,88,109,0,519,0,4,32,41,113,107,102,120,32,55
2024-09-27 15:57:35,69.21749019622803,10,2,-3.999999999999016,92.18972474313341,1738,3,69,69,0,23,36,0,0,68,68,0,0,63,0,9,6,281,0,0,9,0,254,432,413,256,0,1730,1,17,34,69,379,516,279,455,34,76
2024-09-27 15:57:35,72.4722261428833,10,1,-15.080000000000634,71.77320963307284,1304,2,54,54,0,15,29,0,1,53,53,0,0,48,0,9,6,124,0,0,9,0,211,318,296,220,0,1296,1,12,82,54,231,328,273,325,82,66
2024-09-27 15:57:35,77.61134004592896,10,5,12.839999999999657,110.4890202046372,2030,3,83,83,0,31,49,0,5,92,92,0,0,75,0,9,4,465,0,0,9,0,350,406,338,348,0,2022,1,14,41,83,420,554,480,442,41,94
2024-09-27 15:57:35,81.26080322265625,10,0,7.95999999999815,77.59248787164688,1446,2,68,68,0,20,34,0,2,64,64,0,0,62,0,9,3,165,0,0,9,0,207,388,381,208,0,1438,1,17,30,68,224,436,236,444,30,77
2024-09-27 15:57:35,84.93756794929504,10,5,-22.759999999999565,76.7722383143846,1375,1,55,54,0,21,28,0,1,54,55,0,0,48,0,9,3,269,0,0,9,0,217,293,274,216,0,1367,1,12,52,55,268,448,236,309,52,63
2024-09-27 15:57:35,88.63847517967224,10,0,71.75999999999868,76.747894623084,1394,1,67,67,0,28,41,0,0,68,68,0,0,59,0,8,4,110,0,0,8,0,199,389,357,243,0,1388,2,12,31,67,253,417,216,398,31,81
2024-09-27 15:57:35,92.33693218231201,10,1,56.16000000000243,84.21004920918494,1509,2,73,73,0,32,43,0,4,85,85,0,0,66,0,8,6,328,0,0,8,0,304,215,240,311,0,1503,2,10,40,73,381,296,396,308,40,90
2024-09-27 15:57:35,95.71195125579834,10,3,41.41999999999866,77.58011853997596,1399,3,59,59,0,29,40,0,5,76,76,0,0,51,0,9,7,202,0,0,9,0,286,277,277,270,0,1391,1,7,29,59,276,435,294,289,29,77
2024-09-27 15:57:35,98.13651299476624,10,0,-3.8200000000001353,45.23675268609077,824,3,54,54,0,21,34,0,4,68,68,0,0,47,0,10,5,97,0,0,10,0,165,181,143,167,0,814,0,9,17,54,171,152,172,242,17,70
2024-09-27 15:57:35,99.75616312026978,10,0,3.720000000000489,36.74914224608801,604,3,43,43,0,18,30,0,3,55,55,0,0,35,0,9,7,65,0,0,9,0,135,103,70,118,0,596,1,1,71,43,146,74,146,108,71,60
2024-09-27 15:57:35,105.27182102203369,10,7,161.54000000000713,96.53553362563252,1649,1,81,79,0,40,43,0,1,74,76,0,0,75,0,6,4,136,0,0,6,0,348,370,373,320,0,1647,4,15,25,81,329,390,437,381,25,91
2024-09-27 15:57:35,110.45235991477966,10,2,37.219999999999544,92.1827341420576,1617,2,78,76,0,31,46,0,2,81,81,0,0,70,0,8,8,394,0,0,8,0,205,348,350,212,0,1611,2,13,32,78,354,383,410,356,32,84
2024-09-27 15:57:35,114.2321891784668,10,4,104.15999999999907,77.85814935388044,1379,1,89,89,0,41,56,0,2,101,101,0,0,82,0,8,4,255,0,0,8,0,265,291,249,207,0,1373,2,11,25,89,244,257,452,303,25,100
2024-09-27 15:57:35,118.59167718887329,10,0,67.61999999999827,89.06280925730243,1622,0,81,81,0,38,50,0,2,85,85,0,0,74,0,8,2,350,0,0,8,0,183,378,380,211,0,1616,2,10,41,81,305,504,281,395,41,98
2024-09-27 15:57:35,123.70081830024719,10,0,153.39999999998923,95.16054100380279,1752,1,81,81,0,36,46,0,0,78,78,0,0,77,0,6,2,168,0,0,6,0,450,277,263,494,0,1750,4,13,23,81,507,285,563,290,23,88
2024-09-27 15:57:35,128.23417496681213,10,1,72.40000000000028,91.66794118355028,1661,1,73,73,0,28,42,0,3,79,79,0,0,66,0,8,1,196,0,0,8,0,293,413,393,267,0,1655,2,14,28,73,280,503,314,454,28,84
2024-09-27 15:57:35,135.7868402004242,10,7,250.7599999999811,153.00759855750948,2644,1,92,92,0,46,55,0,2,92,91,0,0,90,0,3,4,346,0,0,3,0,469,591,606,489,0,2648,7,20,58,92,526,772,554,630,58,111
2024-09-27 15:57:35,141.11322402954102,10,2,134.51999999999984,90.32359081879258,1697,2,100,100,0,42,54,0,2,107,107,0,0,93,0,8,5,69,0,0,8,0,327,401,423,299,0,1691,2,19,80,100,310,439,336,412,80,122
2024-09-27 15:57:35,143.73329615592957,10,1,-4.959999999999258,56.216688606422395,995,0,47,46,0,13,22,0,2,49,49,0,0,38,0,9,2,90,0,0,9,0,256,187,167,240,0,987,1,9,9,47,269,189,265,204,9,60
2024-09-27 15:57:35,146.74806809425354,10,6,126.24000000000191,66.59094131435268,1138,2,80,80,0,37,43,0,5,100,100,0,0,72,0,8,5,58,0,0,8,0,183,302,299,185,0,1132,2,10,33,80,198,305,191,322,33,91
2024-09-27 15:57:35,150.03551626205444,10,8,122.88000000000197,72.75382799864747,1280,1,86,86,0,33,43,0,4,102,102,0,0,78,0,8,3,66,0,0,8,0,268,277,296,270,0,1274,2,9,19,86,276,304,282,300,19,101
2024-09-27 15:57:35,156.01324796676636,10,4,192.99999999999602,114.16380276996642,2024,2,104,104,0,48,55,0,3,117,117,0,0,98,0,7,3,121,0,0,7,0,267,588,620,273,0,2020,3,10,54,104,313,650,280,609,54,121
2024-09-27 15:57:35,163.04616117477417,10,0,171.4399999999876,132.66313184588216,2592,1,103,101,0,46,55,0,1,92,92,0,0,97,0,5,7,424,0,0,5,0,369,650,644,373,0,2592,5,26,34,103,460,667,572,742,34,122
2024-09-27 15:57:35,167.22590804100037,10,1,116.76000000000442,69.89780805748887,1354,1,88,88,0,41,48,0,2,94,94,0,0,82,0,8,4,94,0,0,8,0,221,345,336,202,0,1348,2,11,70,88,244,347,236,354,70,105
2024-09-27 15:57:35,169.44330596923828,10,1,28.37999999999951,40.80788374878466,772,0,54,52,0,19,36,0,3,65,65,0,0,43,0,9,2,72,0,0,9,0,125,213,192,108,0,764,1,7,9,54,119,197,161,224,9,63
2024-09-27 15:57:35,173.04401421546936,10,0,76.14000000000333,56.215512415161356,1105,1,81,81,0,29,39,0,1,94,94,0,0,75,0,9,3,48,0,0,9,0,227,257,253,221,0,1097,1,4,19,81,228,260,233,271,19,95
2024-09-27 15:57:35,175.040540933609,10,1,-14.60000000000007,33.11557522020303,640,4,55,55,0,18,32,0,1,57,57,0,0,47,0,10,6,40,0,0,10,0,121,170,145,103,0,630,0,8,6,55,109,152,128,172,6,73
2024-09-27 15:57:35,179.33165216445923,10,0,203.49999999999474,80.83565381378867,1572,0,106,106,0,49,54,0,4,96,96,0,0,103,0,6,2,84,0,0,6,0,262,415,404,276,0,1570,4,27,29,106,299,424,272,430,29,122
2024-09-27 15:57:35,182.40964102745056,10,3,54.14000000000182,54.23511571343988,1020,1,83,83,0,31,40,0,3,79,79,0,0,76,0,9,4,76,0,0,9,0,205,207,190,239,0,1012,1,19,21,83,250,202,227,225,21,96
2024-09-27 15:57:35,184.91022205352783,10,0,87.64000000000114,53.046794139780104,985,1,69,69,0,39,47,0,3,91,91,0,0,62,0,9,1,117,0,0,9,0,169,229,228,157,0,977,1,5,17,69,205,250,174,255,17,85
2024-09-27 15:57:35,191.81434512138367,10,3,184.09999999997993,145.79992814129218,2607,1,114,114,0,50,60,0,2,119,119,0,0,110,0,6,7,308,0,0,6,0,475,526,551,512,0,2605,4,17,125,114,541,568,689,545,125,143
2024-09-27 15:57:35,194.67233991622925,10,7,127.36000000000281,56.62240326264873,1012,1,69,69,0,36,41,0,2,79,79,0,0,63,0,7,3,95,0,0,7,0,190,204,214,207,0,1008,3,6,36,69,211,251,195,240,36,82
2024-09-27 15:57:35,199.0085780620575,10,8,252.63999999999456,88.39574385713786,1612,0,107,107,0,50,59,0,1,119,119,0,0,103,0,5,2,115,0,0,5,0,334,342,348,328,0,1612,5,13,43,107,335,411,342,357,43,129
2024-09-27 15:57:35,201.02448725700378,10,1,1.700000000000152,40.48128754924983,745,3,64,64,0,25,36,0,2,71,71,0,0,56,0,10,4,102,0,0,10,0,168,146,124,130,0,735,0,9,11,64,133,132,208,173,11,88
2024-09-27 15:57:35,205.32495617866516,10,0,163.83999999999955,87.17409090092406,1516,0,92,92,0,40,47,0,1,105,105,0,0,86,0,7,4,102,0,0,7,0,336,325,298,344,0,1512,3,9,22,92,395,317,349,333,22,103
2024-09-27 15:57:35,212.05256605148315,10,8,379.17999999997994,128.15287410630845,2300,0,123,123,0,69,70,0,5,136,136,0,0,120,0,3,3,138,0,0,3,0,435,543,547,456,0,2304,7,11,65,123,469,627,447,555,65,144
2024-09-27 15:57:35,214.57666730880737,10,2,72.60000000000237,48.49981649732217,848,2,74,74,0,33,46,0,3,86,86,0,0,66,0,9,3,63,0,0,9,0,176,191,142,176,0,840,1,9,27,74,199,155,179,197,27,92
2024-09-27 15:57:35,219.8070511817932,10,1,211.5799999999964,80.77535230549984,1441,0,94,94,0,44,54,0,3,106,106,0,0,88,0,6,1,77,0,0,6,0,252,363,364,270,0,1439,4,11,25,94,276,371,286,369,25,118
2024-09-27 15:57:35,226.65574026107788,10,8,258.6999999999892,115.5011227298528,1965,1,125,126,0,51,58,0,5,138,137,0,0,121,0,5,4,216,0,0,5,0,344,475,466,319,0,1965,5,15,25,125,329,561,351,550,25,154
2024-09-27 15:57:35,230.1492862701416,10,0,92.66000000000507,73.17360481340438,1239,2,67,68,0,38,44,0,1,70,70,0,0,61,0,8,3,141,0,0,8,0,244,289,266,216,0,1233,2,7,18,67,224,268,346,300,18,85
2024-09-27 15:57:35,236.21324515342712,10,0,217.57999999999257,90.87773053813726,1506,2,101,101,0,48,59,0,4,118,118,0,0,96,0,6,4,135,0,0,6,0,253,401,349,233,0,1504,4,11,38,101,246,364,313,416,38,133
2024-09-27 15:57:35,239.9995481967926,10,4,86.32000000000005,69.00374409090728,1202,1,83,83,0,36,43,0,1,94,94,0,0,75,0,8,2,229,0,0,8,0,198,231,253,192,0,1196,2,7,18,83,199,417,231,248,18,91
2024-09-27 15:57:35,243.3961169719696,10,7,102.80000000000325,74.68883138848469,1266,1,78,78,0,38,46,0,1,86,86,0,0,70,0,8,1,155,0,0,8,0,168,324,328,196,0,1260,2,7,19,78,201,336,176,435,19,101
2024-09-27 15:57:35,247.84490513801575,10,2,183.23999999999162,93.41569108143449,1629,0,90,90,0,42,49,0,0,98,98,0,0,87,0,6,1,117,0,0,6,0,365,317,322,347,0,1627,4,7,75,90,358,330,426,335,75,109
2024-09-27 15:57:35,250.93790531158447,10,0,247.79999999999455,65.39744881168008,1140,1,83,83,0,49,54,0,2,97,97,0,0,79,0,5,3,55,0,0,5,0,207,291,250,244,0,1140,5,6,15,83,250,257,221,305,15,97
2024-09-27 15:57:35,254.42669415473938,10,0,199.13999999999888,80.01329352147877,1369,2,99,99,0,45,48,0,1,97,97,0,0,95,0,6,6,75,0,0,6,0,268,302,330,290,0,1367,4,11,9,99,305,338,279,324,9,118
2024-09-27 15:57:35,259.36519503593445,10,7,299.67999999999284,107.13701789965853,1832,1,110,110,0,62,64,0,1,118,118,0,0,106,0,4,6,189,0,0,4,0,314,443,446,309,0,1834,6,13,27,110,412,466,346,462,27,125
2024-09-27 15:57:35,262.01030015945435,10,4,107.42000000000364,60.606322079431266,1002,2,81,81,0,41,47,0,1,82,82,0,0,74,0,8,3,104,0,0,8,0,215,195,171,217,0,996,2,10,21,81,223,192,261,211,21,96
2024-09-27 15:57:35,264.48005294799805,10,2,22.4400000000006,55.700905323028564,965,4,61,61,0,20,35,0,2,69,69,0,0,56,0,9,6,103,0,0,9,0,191,201,184,212,0,957,1,10,14,61,218,237,199,220,14,78
2024-09-27 15:57:35,267.6066110134125,10,5,124.80000000000314,69.23545680381358,1171,2,80,80,0,35,46,0,5,94,94,0,0,73,0,8,3,53,0,0,8,0,306,205,214,299,0,1165,2,10,16,80,306,226,311,220,16,94
2024-09-27 15:57:35,274.1101701259613,10,8,353.95999999997923,150.92557516740635,2569,0,130,130,0,63,67,0,5,141,141,0,0,127,0,3,3,188,0,0,3,0,651,474,449,587,0,2573,7,16,97,130,594,552,667,514,97,152
2024-09-27 15:57:35,276.83804416656494,10,2,110.26000000000298,64.91838827496395,1069,2,77,77,0,36,46,0,2,84,84,0,0,69,0,8,3,72,0,0,8,0,209,225,259,212,0,1063,2,8,17,77,235,276,215,240,17,88
2024-09-27 15:57:35,282.0614609718323,10,8,183.799999999999,118.60268340422772,2002,2,87,87,0,39,48,0,3,92,92,0,0,85,0,6,3,109,0,0,6,0,390,477,471,416,0,2000,4,14,56,87,423,486,456,490,56,95
2024-09-27 15:57:35,286.31652307510376,10,0,196.67999999998972,97.41100996453315,1646,1,101,100,0,47,55,0,2,114,114,0,0,95,0,6,2,161,0,0,6,0,237,398,405,262,0,1644,4,10,86,101,292,407,324,425,86,116
2024-09-27 15:57:35,290.21534419059753,10,0,169.28000000000017,85.77928489865735,1456,2,79,79,0,37,44,0,2,92,92,0,0,75,0,6,4,146,0,0,6,0,168,442,421,176,0,1454,4,6,28,79,182,442,195,514,28,99
2024-09-27 15:57:35,292.02515411376953,10,0,51.55999999999937,43.10162929492071,726,1,69,69,0,25,35,0,1,83,83,0,0,61,0,9,2,52,0,0,9,0,151,166,116,163,0,718,1,6,10,69,167,123,161,188,10,78
2024-09-27 15:57:35,296.2925491333008,10,4,211.95999999998935,103.7129769497551,1680,1,107,107,0,53,60,0,3,124,124,0,0,101,0,6,1,220,0,0,6,0,280,351,393,262,0,1678,4,10,71,107,353,454,310,376,71,120
2024-09-27 15:57:35,301.30544114112854,10,3,196.07999999998813,110.83902024198323,1931,4,97,95,0,41,53,0,1,111,115,0,0,90,0,6,7,177,0,0,6,0,423,416,396,398,0,1929,4,8,28,97,420,492,443,437,28,115
2024-09-27 15:57:35,307.0555200576782,10,7,349.29999999998296,120.00868102349341,2141,1,131,131,0,66,66,0,0,127,127,0,0,129,0,3,4,150,0,0,3,0,528,389,394,527,0,2145,7,22,29,131,538,440,556,429,29,156
2024-09-27 15:57:35,310.4696409702301,10,4,154.7599999999987,62.662522884551436,1122,0,84,84,0,46,52,0,2,98,98,0,0,78,0,7,1,182,0,0,7,0,175,255,228,188,0,1118,3,9,13,84,199,266,277,266,13,104
2024-09-27 15:57:35,314.30823612213135,10,7,266.2999999999957,83.25344466045499,1452,1,127,127,0,56,62,0,2,149,149,0,0,122,0,6,2,79,0,0,6,0,310,296,298,311,0,1450,4,7,35,127,319,308,340,314,35,140
2024-09-27 15:57:35,317.73382210731506,10,8,108.56000000000276,79.2131414487958,1319,0,92,92,0,40,46,0,2,101,101,0,0,87,0,8,4,193,0,0,8,0,253,290,249,224,0,1313,2,11,20,92,235,325,257,377,20,107
2024-09-27 15:57:35,319.9783580303192,10,0,9.719999999999974,48.604815393686295,859,2,57,57,0,18,30,0,1,61,61,0,0,48,0,9,2,84,0,0,9,0,156,202,189,142,0,851,1,8,30,57,172,215,167,212,30,64
2024-09-27 15:57:35,324.09158301353455,10,3,144.10000000000073,82.76857960270718,1434,1,82,82,0,41,52,0,2,82,82,0,0,77,0,7,2,99,0,0,7,0,291,355,342,224,0,1430,3,16,44,82,262,352,323,365,44,91
2024-09-27 15:57:35,327.17792105674744,10,4,73.38000000000196,68.03413842525333,1107,2,79,79,0,36,43,0,0,91,91,0,0,73,0,9,4,102,0,0,9,0,183,267,247,196,0,1099,1,6,34,79,198,308,197,272,34,99
2024-09-27 15:57:35,333.17328906059265,10,7,201.48000000000164,125.59180781664327,2069,0,118,118,0,48,55,0,1,118,118,0,0,113,0,5,5,257,0,0,5,0,421,338,365,438,0,2069,5,18,137,118,446,433,454,463,137,141
2024-09-27 15:57:35,338.0793170928955,10,8,159.72000000000324,95.1454832344316,1548,1,75,75,0,32,45,0,2,85,85,0,0,69,0,6,4,145,0,0,6,0,275,403,371,275,0,1546,4,9,8,75,284,431,307,434,8,88
2024-09-27 15:57:35,343.8416860103607,10,0,173.77999999999773,89.05925268586725,1501,1,85,85,0,43,51,0,4,103,103,0,0,81,0,6,3,266,0,0,6,0,297,296,240,303,0,1499,4,9,18,85,373,260,440,311,18,103
2024-09-27 15:57:35,346.93532609939575,10,8,163.40000000000123,70.44832742516883,1144,2,82,82,0,40,49,0,3,93,93,0,0,76,0,7,2,54,0,0,7,0,243,274,252,232,0,1140,3,10,10,82,240,263,253,278,10,103
2024-09-27 15:57:35,352.5367250442505,10,7,325.2399999999901,126.29488645074889,2063,1,112,112,0,69,68,0,1,119,119,0,0,109,0,3,3,282,0,0,3,0,426,359,389,432,0,2067,7,12,70,112,446,470,469,492,70,123
2024-09-27 15:57:35,356.17154812812805,10,4,282.31999999999294,85.33612245786935,1386,0,105,105,0,64,65,0,2,129,129,0,0,101,0,5,2,157,0,0,5,0,270,280,276,239,0,1386,5,4,64,105,312,297,287,308,64,123
2024-09-27 15:57:35,359.9671230316162,10,0,267.3599999999906,89.88332416303456,1488,0,113,113,0,56,58,0,1,134,134,0,0,111,0,5,2,191,0,0,5,0,319,263,270,311,0,1488,5,2,26,113,320,361,336,318,26,132
2024-09-27 15:57:35,362.8324851989746,10,6,161.78000000000205,71.1560465558432,1093,2,75,75,0,47,47,0,1,90,90,0,0,69,0,7,2,115,0,0,7,0,204,241,262,190,0,1089,3,6,9,75,197,267,286,252,9,85
2024-09-27 15:57:35,365.72085094451904,10,4,82.0600000000048,64.80189228709787,1086,0,65,65,0,37,41,0,0,75,75,0,0,56,0,9,2,47,0,0,9,0,186,295,269,209,0,1078,1,2,16,65,216,274,198,299,16,84
2024-09-27 15:57:35,370.06627106666565,10,7,224.03999999998922,99.87905437406152,1671,0,113,113,0,61,62,0,2,128,128,0,0,110,0,7,3,172,0,0,7,0,355,345,353,322,0,1667,3,5,14,113,449,357,363,356,14,135
2024-09-27 15:57:35,373.2769422531128,10,2,216.31999999999346,81.18361044395715,1293,0,83,83,0,51,57,0,2,97,97,0,0,78,0,6,4,112,0,0,6,0,283,278,251,270,0,1291,4,3,20,83,324,261,301,296,20,95
2024-09-27 15:57:35,377.3650631904602,10,1,218.9599999999934,100.06689463509247,1613,0,99,99,0,57,59,0,0,109,109,0,0,96,0,5,3,367,0,0,5,0,300,278,264,296,0,1613,5,5,14,99,302,272,541,372,14,117
2024-09-27 15:57:35,381.4911301136017,10,6,190.53999999999965,103.17881036736071,1706,0,100,100,0,51,56,0,2,125,125,0,0,95,0,7,4,122,0,0,7,0,227,440,472,229,0,1702,3,4,119,100,233,487,291,449,119,130
2024-09-27 15:57:35,385.49038219451904,10,6,278.79999999998756,92.05039984500036,1565,1,108,108,0,55,63,0,2,122,122,0,0,105,0,5,1,109,0,0,5,0,363,313,303,361,0,1565,5,6,13,108,374,347,368,332,13,136
2024-09-27 15:57:35,388.8916301727295,10,0,291.69999999999015,83.85825360706076,1355,0,96,96,0,59,62,0,0,119,119,0,0,94,0,5,2,56,0,0,5,0,266,335,332,257,0,1355,5,2,18,96,265,338,274,348,18,117
2024-09-27 15:57:35,391.39471220970154,10,2,194.15999999999696,64.18976724334061,980,1,79,79,0,48,51,0,2,93,93,0,0,75,0,6,3,130,0,0,6,0,170,212,213,163,0,978,4,4,17,79,164,291,175,229,17,108
2024-09-27 15:57:35,396.1154282093048,10,7,167.32000000000167,97.65436424640939,1655,2,75,75,0,42,53,0,2,88,88,0,0,68,0,7,5,104,0,0,7,0,397,323,330,408,0,1651,3,3,21,75,420,341,404,378,21,94
2024-09-27 15:57:35,399.5558090209961,10,7,312.3199999999923,79.47906105685979,1311,2,107,107,0,63,69,0,3,135,135,0,0,102,0,5,5,69,0,0,5,0,225,320,350,229,0,1311,5,4,16,107,240,356,241,331,16,132
2024-09-27 15:57:35,402.25394916534424,10,1,132.8400000000013,71.15574957290664,1113,1,74,74,0,44,49,0,3,99,99,0,0,69,0,8,2,87,0,0,8,0,177,253,232,210,0,1107,2,0,82,74,228,233,178,307,82,87
2024-09-27 15:57:35,406.8037419319153,10,7,372.3999999999895,110.52408255077899,1781,0,115,115,0,69,68,0,1,135,135,0,0,112,0,3,2,117,0,0,3,0,367,364,400,362,0,1785,7,3,63,115,402,407,403,376,63,137
2024-09-27 15:57:35,409.4017291069031,10,3,147.69999999999854,69.40424966625869,1074,1,65,65,0,37,45,0,1,84,84,0,0,60,0,7,1,80,0,0,7,0,209,261,241,209,0,1070,3,1,12,65,243,253,215,273,12,81
2024-09-27 15:57:35,411.7661099433899,10,0,211.19999999999592,57.59576200414449,920,1,72,72,0,44,47,0,0,82,82,0,0,68,0,5,2,93,0,0,5,0,173,229,183,158,0,920,5,2,17,72,202,201,179,234,17,92
2024-09-27 15:57:35,415.7039361000061,10,3,310.87999999999306,99.98000282095745,1567,0,100,100,0,61,61,0,2,117,117,0,0,99,0,4,3,127,0,0,4,0,280,399,382,250,0,1569,6,4,35,100,264,386,358,406,35,124
2024-09-27 15:57:35,420.63043093681335,10,8,305.11999999999296,90.99674237519503,1436,0,104,104,0,63,66,0,3,125,125,0,0,102,0,5,5,88,0,0,5,0,316,307,305,311,0,1436,5,3,10,104,321,312,321,359,10,118
2024-09-27 15:57:35,425.17906522750854,10,4,150.74000000000214,84.9351043808274,1303,0,98,98,0,47,53,0,3,117,117,0,0,92,0,8,1,168,0,0,8,0,265,275,227,260,0,1297,2,4,12,98,263,235,390,288,12,117
2024-09-27 15:57:35,430.5142982006073,10,7,313.07999999999606,90.89350440446287,1414,1,98,98,0,70,69,0,6,123,123,0,0,96,0,5,7,136,0,0,5,0,278,337,294,269,0,1414,5,5,7,98,275,298,288,426,7,125
2024-09-27 15:57:35,435.58019828796387,10,8,361.2399999999931,105.3417050940916,1533,0,108,108,0,67,67,0,2,132,132,0,0,105,0,3,2,166,0,0,3,0,316,321,292,313,0,1537,7,3,24,108,356,301,380,341,24,138
2024-09-27 15:57:35,440.75042819976807,10,7,354.19999999999146,104.98598573496565,1521,1,106,106,0,65,68,0,4,130,130,0,0,103,0,3,2,198,0,0,3,0,324,301,307,281,0,1525,7,4,11,106,284,370,423,309,11,131
2024-09-27 15:57:35,445.57195711135864,10,2,190.05999999999787,84.10206368612126,1282,0,91,91,0,44,53,0,3,120,120,0,0,86,0,7,1,61,0,0,7,0,261,282,238,286,0,1278,3,2,66,91,301,243,269,294,66,112
2024-09-27 15:57:35,449.8949990272522,10,1,211.75999999999365,75.1859929645434,990,1,82,82,0,44,55,0,3,103,103,0,0,78,0,6,2,69,0,0,6,0,192,232,208,197,0,988,4,2,14,82,209,211,197,264,14,99
2024-09-27 15:57:35,452.17171812057495,10,6,114.90000000000286,56.01814070343971,836,1,75,75,0,35,46,0,3,94,94,0,0,68,0,8,2,97,0,0,8,0,146,190,158,162,0,830,2,1,10,75,170,203,156,199,10,100
2024-09-27 15:57:35,454.8839542865753,10,8,166.9200000000036,71.09618962323293,992,0,84,84,0,47,53,0,3,108,108,0,0,80,0,8,3,49,0,0,8,0,214,186,225,231,0,986,2,1,5,84,237,230,221,193,5,108
2024-09-27 15:57:35,458.9560823440552,10,0,377.5999999999912,97.13459869241342,1386,1,111,111,0,69,73,0,0,126,126,0,0,109,0,3,3,83,0,0,3,0,292,322,295,283,0,1390,7,2,7,111,291,313,297,338,7,147
2024-09-27 15:57:35,462.22968220710754,10,4,264.4599999999932,81.66010923497379,1178,1,93,93,0,56,58,0,2,111,111,0,0,90,0,5,1,124,0,0,5,0,231,241,227,258,0,1178,5,2,9,93,265,247,238,302,9,122
2024-09-27 15:57:35,466.07105827331543,10,3,329.9199999999901,94.46797590656206,1369,1,104,104,0,59,60,0,4,125,125,0,0,101,0,4,5,45,0,0,4,0,273,295,322,330,0,1371,6,7,6,104,334,328,282,303,6,122
2024-09-27 15:57:35,469.1485650539398,10,8,138.62000000000464,72.54424032149836,1027,0,80,80,0,45,50,0,0,89,89,0,0,76,0,8,1,69,0,0,8,0,225,212,206,230,0,1021,2,2,7,80,241,217,229,223,7,112
2024-09-27 15:57:35,473.93878197669983,10,7,322.69999999999203,121.99251116020605,1733,2,116,116,0,67,69,0,3,130,130,0,0,114,0,4,3,202,0,0,4,0,339,328,399,323,0,1735,6,6,32,116,326,521,378,333,32,149
2024-09-27 15:57:35,477.8744399547577,10,8,321.3599999999897,93.90104850381613,1326,0,105,105,0,58,60,0,2,121,121,0,0,101,0,4,3,48,0,0,4,0,241,320,341,260,0,1328,6,3,17,105,268,350,244,328,17,125
2024-09-27 15:57:35,481.6074392795563,10,7,337.0999999999916,93.5187034662813,1338,0,104,104,0,59,60,0,4,128,128,0,0,103,0,4,2,32,0,0,4,0,271,341,313,269,0,1340,6,2,14,104,273,317,275,344,14,121
2024-09-27 15:57:35,484.27702927589417,10,5,90.20000000000339,67.45438723871484,938,0,71,71,0,35,41,0,4,92,92,0,0,65,0,9,2,41,0,0,9,0,149,262,232,146,0,930,1,2,38,71,147,239,156,268,38,91
2024-09-27 15:57:35,489.45965695381165,10,5,176.6400000000004,85.92451997566968,1226,0,95,95,0,52,51,0,0,107,107,0,0,89,0,7,2,168,0,0,7,0,219,260,255,222,0,1222,3,4,10,95,233,293,303,276,10,114
2024-09-27 15:57:35,496.0614411830902,10,8,385.55999999999455,108.90161401452497,1569,2,116,116,0,71,71,0,1,135,135,0,0,115,0,3,3,109,0,0,3,0,326,350,362,304,0,1573,7,2,9,116,315,408,331,368,9,145
2024-09-27 15:57:35,499.3429992198944,10,8,200.1799999999978,58.796893649268895,851,1,69,69,0,48,51,0,1,84,84,0,0,63,0,6,1,65,0,0,6,0,162,198,194,151,0,849,4,1,16,69,161,194,193,205,16,86
2024-09-27 15:57:35,504.763441324234,10,8,368.37999999999226,108.4048916050233,1497,0,109,109,0,69,72,0,5,138,138,0,0,105,0,4,3,61,0,0,4,0,282,374,391,269,0,1499,6,3,17,109,294,399,286,377,17,130
2024-09-27 15:57:35,506.92878007888794,10,1,113.5600000000012,49.15408398443833,679,1,62,62,0,37,43,0,1,76,76,0,0,55,0,8,1,32,0,0,8,0,125,160,146,151,0,673,2,1,5,62,154,152,127,163,5,80
2024-09-27 15:57:35,509.5266492366791,10,2,117.32000000000163,54.59706620872021,727,1,62,62,0,34,45,0,7,87,87,0,0,55,0,8,3,70,0,0,8,0,110,163,184,136,0,721,2,4,4,62,138,187,147,166,4,87
2024-09-27 15:57:35,513.5424492359161,10,8,313.1199999999937,89.09310458693653,1209,1,92,92,0,56,58,0,1,117,117,0,0,89,0,4,2,34,0,0,4,0,256,254,304,252,0,1211,6,3,23,92,259,308,262,255,23,108
2024-09-27 15:57:35,517.3346281051636,10,0,217.87999999999548,68.87649367190897,946,1,82,82,0,47,51,0,5,106,106,0,0,76,0,6,4,74,0,0,6,0,163,208,231,180,0,944,4,3,12,82,185,237,199,215,12,102
2024-09-27 15:57:35,522.9450440406799,10,7,364.29999999999035,113.99238515412435,1548,0,105,105,0,71,72,0,1,124,124,0,0,102,0,4,0,41,0,0,4,0,353,327,377,339,0,1550,6,1,12,105,345,381,366,332,12,118
2024-09-27 15:57:35,529.8179812431335,10,7,522.6999999999856,127.64921592688188,1782,0,146,146,0,84,80,0,7,181,181,0,0,145,0,1,4,85,0,0,1,0,357,436,417,329,0,1790,9,4,21,146,362,421,366,445,21,176
2024-09-27 15:57:35,535.0892832279205,10,8,379.0399999999897,93.76821927400306,1295,0,106,106,0,72,70,0,5,143,143,0,0,105,0,4,2,45,0,0,4,0,245,305,290,295,0,1297,6,1,15,106,303,293,252,309,15,129
2024-09-27 15:57:35,538.9776120185852,10,2,220.65999999999406,87.29319412028417,1195,1,84,84,0,57,59,0,1,99,99,0,0,80,0,6,2,133,0,0,6,0,234,246,250,219,0,1193,4,3,33,84,225,335,258,252,33,96
2024-09-27 15:57:35,543.970908164978,10,7,407.21999999998985,107.85514045553282,1447,1,113,113,0,74,73,0,2,137,137,0,0,111,0,3,3,35,0,0,3,0,325,318,337,313,0,1451,7,4,13,113,317,339,335,325,13,125
2024-09-27 15:57:35,547.8953211307526,10,0,131.43999999999386,92.082513673231,1274,0,71,71,0,45,50,0,3,90,90,0,0,67,0,6,0,434,0,0,6,0,170,211,198,162,0,1272,4,4,32,71,176,199,571,214,32,86
2024-09-27 15:57:35,553.5494940280914,10,7,304.4799999999921,97.29545829026029,1412,1,98,98,0,52,52,0,1,119,119,0,0,94,0,4,4,49,0,0,4,0,265,363,391,239,0,1414,6,3,13,98,245,392,270,372,13,126
2024-09-27 15:57:35,556.8692710399628,10,8,254.45999999999572,70.60544547485188,978,0,77,77,0,52,58,0,3,94,94,0,0,74,0,5,0,49,0,0,5,0,171,263,221,169,0,978,5,2,33,77,190,223,177,273,33,87
2024-09-27 15:57:35,563.9036221504211,10,5,367.6199999999947,121.4353258702904,1742,0,121,121,0,66,66,0,4,144,144,0,0,118,0,3,3,191,0,0,3,0,308,409,380,326,0,1746,7,6,14,121,331,517,314,420,14,153
2024-09-27 15:57:35,569.476233959198,10,7,320.11999999999205,103.11775509128347,1461,0,116,116,0,62,68,0,5,150,150,0,0,113,0,5,2,120,0,0,5,0,246,355,343,274,0,1461,5,1,12,116,284,361,249,417,12,143
2024-09-27 15:57:35,573.1879510879517,10,4,334.4799999999933,79.98462693206966,1152,1,97,97,0,60,60,0,4,128,128,0,0,95,0,4,1,44,0,0,4,0,204,285,292,222,0,1154,6,1,14,97,226,301,215,291,14,111
2024-09-27 15:57:35,578.2790610790253,10,8,406.53999999999013,98.43748398590833,1443,1,115,115,0,73,73,0,4,151,151,0,0,113,0,3,3,110,0,0,3,0,272,313,350,282,0,1447,7,1,8,115,303,393,281,329,8,136
2024-09-27 15:57:35,582.9713962078094,10,7,273.719999999996,81.04706777259707,1156,1,95,95,0,60,62,0,2,110,110,0,0,91,0,5,4,109,0,0,5,0,233,277,257,175,0,1156,5,3,15,95,186,262,237,335,15,126
2024-09-27 15:57:35,587.3425800800323,10,8,292.35999999999285,74.4352801926434,1046,2,88,88,0,56,54,0,3,107,107,0,0,84,0,4,3,102,0,0,4,0,218,215,212,207,0,1048,6,1,10,88,258,225,223,222,10,114
2024-09-27 15:57:35,592.3779661655426,10,7,271.979999999997,95.0248807054013,1369,0,99,99,0,61,61,0,4,126,126,0,0,95,0,5,3,173,0,0,5,0,251,260,298,224,0,1369,5,2,69,99,232,301,258,388,69,126
2024-09-27 15:57:35,596.5519270896912,10,0,192.67999999999589,67.72477742284536,921,2,79,79,0,40,46,0,1,97,97,0,0,76,0,6,2,49,0,0,6,0,169,215,215,180,0,919,4,2,18,79,185,231,174,219,18,98
2024-09-27 15:57:35,602.6782500743866,10,7,440.13999999998987,100.86575335823,1406,0,108,108,0,76,72,0,6,137,137,0,0,107,0,2,3,45,0,0,2,0,280,337,330,276,0,1412,8,4,38,108,283,330,282,349,38,132
2024-09-27 15:57:35,606.9628422260284,10,0,296.0599999999953,85.95608732150868,1208,0,100,100,0,62,62,0,3,118,118,0,0,99,0,5,1,50,0,0,5,0,242,287,292,216,0,1208,5,4,26,100,225,295,252,296,26,119
2024-09-27 15:57:35,610.9380691051483,10,7,308.0999999999934,81.66062078252435,1175,0,99,99,0,65,61,0,4,118,118,0,0,97,0,5,2,41,0,0,5,0,264,265,257,246,0,1175,5,3,8,99,250,261,270,271,8,120
2024-09-27 15:57:35,616.0659499168396,10,7,322.5999999999879,112.0768716558814,1517,2,129,129,0,70,71,0,8,160,160,0,0,126,0,6,5,63,0,0,6,0,310,344,338,306,0,1515,4,4,31,129,312,339,323,353,31,163
2024-09-27 15:57:35,620.0682480335236,10,8,242.13999999999356,88.76357589615509,1231,1,104,104,0,57,65,0,8,148,148,0,0,102,0,7,1,73,0,0,7,0,226,248,243,253,0,1227,3,2,87,104,264,249,249,256,87,129
2024-09-27 15:57:35,624.9085822105408,10,8,251.83999999999992,82.73648567683995,1119,1,99,99,0,54,60,0,4,122,122,0,0,94,0,6,3,68,0,0,6,0,227,258,225,236,0,1117,4,1,10,99,247,233,245,269,10,119
2024-09-27 15:57:35,630.4832391738892,10,8,425.2599999999907,107.2034181212075,1452,0,104,104,0,70,70,0,5,135,135,0,0,103,0,2,0,78,0,0,2,0,319,287,281,375,0,1458,8,2,16,104,385,301,326,306,16,126
2024-09-27 15:57:35,635.7090320587158,10,8,236.45999999998952,107.0072514116764,1495,1,99,99,0,57,63,0,4,125,125,0,0,95,0,6,1,224,0,0,6,0,230,340,350,246,0,1493,4,5,10,99,312,354,237,459,10,127
2024-09-27 15:57:35,640.1342151165009,10,7,304.61999999999364,95.23734948737547,1269,2,97,97,0,57,61,0,2,125,125,0,0,93,0,4,2,124,0,0,4,0,257,268,258,237,0,1271,6,2,34,97,256,299,287,284,34,115
2024-09-27 15:57:35,644.0186381340027,10,8,334.37999999999215,84.95525885140523,1162,0,95,95,0,59,62,0,4,124,124,0,0,92,0,4,0,33,0,0,4,0,215,290,286,240,0,1164,6,2,9,95,245,291,217,295,9,111
2024-09-27 15:57:35,648.9651291370392,10,2,345.43999999999176,109.76221588812768,1448,1,110,110,0,65,64,0,1,131,131,0,0,108,0,3,4,180,0,0,3,0,276,268,272,312,0,1452,7,2,37,110,447,273,279,281,37,138
2024-09-27 15:57:35,654.1363430023193,10,7,467.39999999999094,122.80850948719308,1587,1,121,121,0,76,74,0,3,150,150,0,0,120,0,1,2,122,0,0,1,0,334,326,348,333,0,1595,9,5,12,121,338,414,355,336,12,141
2024-09-27 15:57:35,658.3509912490845,10,7,209.59999999999252,96.36340088350698,1279,1,103,103,0,52,58,0,3,123,123,0,0,98,0,7,3,44,0,0,7,0,283,269,245,269,0,1275,3,4,69,103,274,246,289,281,69,123
2024-09-27 15:57:35,663.5730109214783,10,4,410.99999999998727,114.20607093349099,1586,0,119,119,0,74,73,0,4,152,152,0,0,117,0,3,2,101,0,0,3,0,295,385,389,287,0,1590,7,3,17,119,299,393,299,448,17,137
2024-09-27 15:57:35,667.934032201767,10,8,281.0399999999952,80.3547820020467,1097,2,95,95,0,56,60,0,1,118,118,0,0,90,0,5,2,48,0,0,5,0,235,280,232,204,0,1097,5,4,8,95,216,237,237,294,8,110
2024-09-27 15:57:35,670.9006719589233,10,1,204.07999999999575,66.09040082851425,861,3,74,74,0,45,50,0,3,91,91,0,0,69,0,6,5,48,0,0,6,0,211,190,142,191,0,859,4,1,9,74,194,145,218,202,9,97
2024-09-27 15:57:35,675.0086131095886,10,5,344.4199999999902,99.74926538206637,1279,0,108,108,0,60,62,0,6,136,136,0,0,106,0,4,2,47,0,0,4,0,280,283,297,259,0,1281,6,3,11,108,269,301,285,293,11,126
2024-09-27 15:57:35,679.289938211441,10,8,383.83999999999264,89.6783012044616,1283,0,107,107,0,67,68,0,3,137,137,0,0,104,0,3,3,67,0,0,3,0,262,290,295,251,0,1287,7,2,18,107,261,296,266,318,18,131
2024-09-27 15:57:35,683.954478263855,10,8,391.399999999992,100.15886566136032,1371,1,116,116,0,68,70,0,3,146,146,0,0,113,0,3,1,84,0,0,3,0,275,312,292,285,0,1375,7,2,14,116,292,296,281,354,14,141
2024-09-27 15:57:35,688.3781530857086,10,8,307.2999999999957,94.56664422247559,1275,1,105,105,0,62,62,0,1,128,128,0,0,103,0,5,2,46,0,0,5,0,254,311,311,247,0,1275,5,1,6,105,252,314,260,320,6,128
2024-09-27 15:57:35,692.2707829475403,10,2,195.55999999999509,81.2577657988295,1092,1,88,88,0,50,57,0,3,108,108,0,0,82,0,7,3,95,0,0,7,0,220,265,214,206,0,1088,3,2,7,88,257,219,227,278,7,107
2024-09-27 15:57:35,696.1475760936737,10,7,272.09999999999496,80.74384344741702,1195,0,94,94,0,56,58,0,4,115,115,0,0,92,0,5,1,124,0,0,5,0,237,246,245,246,0,1195,5,1,8,94,250,248,316,256,8,122
2024-09-27 15:57:35,699.6354649066925,10,8,137.6200000000019,57.111424619331956,802,1,70,70,0,39,48,0,5,95,95,0,0,63,0,8,2,55,0,0,8,0,161,155,192,167,0,796,2,1,4,70,182,194,168,164,4,92
2024-09-27 15:57:35,705.3400881290436,10,8,449.419999999986,114.85937286866829,1635,0,122,122,0,74,72,0,2,149,149,0,0,122,0,2,0,38,0,0,2,0,385,330,350,404,0,1641,8,3,14,122,410,354,388,339,14,138
2024-09-27 15:57:35,710.2811641693115,10,5,125.72000000000943,100.37053991900757,1352,0,71,71,0,37,44,0,2,89,89,0,0,65,0,8,0,86,0,0,8,0,342,261,230,355,0,1346,2,3,9,71,360,236,367,269,9,113
2024-09-27 15:57:35,716.4105000495911,10,7,331.5999999999909,103.90835954900831,1530,0,120,120,0,68,70,0,2,146,146,0,0,116,0,5,4,84,0,0,5,0,330,337,375,269,0,1530,5,1,20,120,271,393,333,370,20,148
2024-09-27 15:57:35,722.2142331600189,10,5,375.0999999999873,124.52323461370543,1814,0,118,118,0,70,69,0,3,133,133,0,0,117,0,2,2,295,0,0,2,0,319,391,346,314,0,1820,8,4,39,118,428,348,402,457,39,148
2024-09-27 15:57:35,727.1879861354828,10,7,323.2799999999907,90.47895902302116,1379,0,107,107,0,67,69,0,2,128,128,0,0,106,0,5,1,48,0,0,5,0,297,312,280,328,0,1379,5,2,12,107,335,286,303,319,12,129
2024-09-27 15:57:35,733.2257401943207,10,7,390.6199999999925,79.26131260348484,1232,0,102,102,0,64,63,0,8,141,141,0,0,101,0,3,2,41,0,0,3,0,278,265,292,240,0,1236,7,1,21,102,247,294,280,276,21,121
2024-09-27 15:57:35,740.1866250038147,10,8,473.8999999999888,122.85423494875431,1789,1,137,137,0,80,77,0,8,175,175,0,0,137,0,2,1,129,0,0,2,0,383,371,380,379,0,1795,8,3,18,137,447,395,386,388,18,163
2024-09-27 15:57:35,745.7316560745239,10,8,360.17999999998983,111.23565280390903,1662,0,128,128,0,70,71,0,3,153,153,0,0,125,0,4,0,150,0,0,4,0,354,322,335,359,0,1664,6,4,20,128,367,340,363,430,20,148
2024-09-27 15:57:35,748.9093792438507,10,1,235.17999999999455,65.86415098793805,981,0,82,82,0,53,54,0,3,105,105,0,0,76,0,6,0,42,0,0,6,0,217,233,183,203,0,979,4,1,25,82,207,187,222,239,25,105
2024-09-27 15:57:35,753.913488149643,10,8,437.0599999999883,100.23586494941264,1442,1,107,107,0,78,75,0,1,133,133,0,0,106,0,2,3,52,0,0,2,0,297,332,331,296,0,1448,8,1,35,107,315,332,301,344,35,123
2024-09-27 15:57:35,758.6874580383301,10,7,318.2399999999908,87.55301641812548,1262,0,103,103,0,62,64,0,5,137,137,0,0,99,0,5,2,59,0,0,5,0,266,300,276,252,0,1262,5,1,11,103,273,283,268,305,11,127
2024-09-27 15:57:35,763.53360414505,10,6,338.81999999999033,93.34955748170614,1304,0,107,107,0,60,61,0,6,135,135,0,0,104,0,4,0,71,0,0,4,0,256,307,320,230,0,1306,6,1,19,107,250,322,262,320,19,137
2024-09-27 15:57:35,768.1054232120514,10,2,256.79999999999245,84.49921115487814,1247,0,105,105,0,57,58,0,1,122,122,0,0,100,0,6,1,52,0,0,6,0,251,269,313,245,0,1245,4,1,16,105,249,339,254,273,16,120
2024-09-27 15:57:35,771.2977950572968,10,5,179.37999999999727,65.72604511771351,923,1,84,84,0,42,49,0,3,105,105,0,0,78,0,7,1,41,0,0,7,0,184,223,200,176,0,919,3,1,18,84,180,200,186,244,18,98
2024-09-27 15:57:35,777.527143239975,10,7,539.3599999999855,126.78640859108418,1838,0,144,144,0,85,80,0,1,165,165,0,0,144,0,0,2,79,0,0,0,0,396,417,437,364,0,1848,10,3,11,144,369,464,399,436,11,169
2024-09-27 15:57:35,782.3425259590149,10,7,439.0199999999899,103.54335756367072,1415,1,111,111,0,76,76,0,3,145,145,0,0,109,0,2,2,99,0,0,2,0,303,289,315,292,0,1421,8,2,14,111,336,316,309,303,14,145
2024-09-27 15:57:35,787.4895160198212,10,8,342.8599999999883,107.23862467054278,1491,0,110,110,0,68,72,0,5,135,135,0,0,108,0,4,0,88,0,0,4,0,279,307,329,283,0,1493,6,2,101,110,288,370,285,326,101,127
2024-09-27 15:57:35,792.3082439899445,10,8,377.51999999999134,100.0472064181231,1399,0,116,116,0,73,73,0,4,137,137,0,0,113,0,4,2,44,0,0,4,0,305,309,328,295,0,1401,6,2,8,116,303,331,312,313,8,138
2024-09-27 15:57:35,797.9942982196808,10,8,377.3399999999914,107.0149212507531,1400,1,116,116,0,74,73,0,5,147,147,0,0,113,0,4,2,101,0,0,4,0,295,287,327,268,0,1402,6,0,12,116,270,333,343,300,12,148
2024-09-27 15:57:35,803.9544310569763,10,7,337.99999999999113,94.80592601187527,1303,1,114,114,0,65,66,0,2,131,131,0,0,111,0,4,3,77,0,0,4,0,258,277,313,257,0,1305,6,5,13,114,269,331,265,287,13,144
2024-09-27 15:57:35,809.5388171672821,10,8,315.939999999994,117.8930733455345,1612,0,118,118,0,62,64,0,4,148,148,0,0,115,0,5,1,116,0,0,5,0,298,401,392,274,0,1612,5,3,18,118,348,393,307,417,18,134
2024-09-27 15:57:35,815.153135061264,10,7,390.95999999999134,97.61775039648637,1359,1,116,116,0,67,68,0,4,143,143,0,0,113,0,3,1,63,0,0,3,0,303,262,320,287,0,1363,7,2,15,116,307,324,306,270,15,144
2024-09-27 15:57:35,820.009731054306,10,8,309.83999999999145,104.12809106102213,1392,1,115,115,0,64,68,0,2,132,132,0,0,111,0,5,3,80,0,0,5,0,320,285,313,270,0,1392,5,3,14,115,278,319,344,300,14,142
2024-09-27 15:57:35,825.33314204216,10,6,384.4399999999854,120.59121093712747,1640,0,119,119,0,74,74,0,3,150,150,0,0,117,0,4,1,94,0,0,4,0,418,281,262,465,0,1642,6,1,7,119,472,326,419,286,7,136
2024-09-27 15:57:35,831.452929019928,10,1,369.0799999999902,105.16887135291472,1420,0,101,101,0,63,63,0,3,124,124,0,0,99,0,3,1,60,0,0,3,0,315,334,316,284,0,1424,7,1,17,101,305,318,319,345,17,123
2024-09-27 15:57:35,836.626932144165,10,8,319.57999999999623,95.25548609020188,1272,1,102,102,0,61,64,0,4,125,125,0,0,99,0,4,4,122,0,0,4,0,253,259,254,270,0,1274,6,3,18,102,298,310,255,273,18,124
