Start Timestamp,Elapsed Time (s),Rounds Played,Score,Total Reward,Loss,BOMB_DROPPED,BOMB_EXPLODED,COIN_COLLECTED,COIN_FOUND,CRATE_DESTROYED,GOT_KILLED,INVALID_ACTION,KILLED_OPPONENT,KILLED_SELF,MOVED_DOWN,MOVED_LEFT,MOVED_RIGHT,MOVED_UP,OPPONENT_ELIMINATED,SURVIVED_ROUND,WAITED,UP,RIGHT,DOWN,LEFT,WAIT
2024-09-10 22:39:55,3.488070011138916,10,0,-5191.379999999727,70276968.62559393,0,0,0,0,0,0,2590,0,0,255,208,214,256,0,10,487,1081,1371,721,350,487
2024-09-10 22:39:55,6.859118223190308,10,0,-3647.320000000262,73734.27669805288,0,0,0,0,0,0,1778,0,0,367,124,122,329,0,10,1290,818,408,806,688,1290
2024-09-10 22:39:55,10.028048992156982,10,0,-2196.9599999999737,7402.844145953655,0,0,0,0,0,0,1047,0,0,531,158,162,530,0,10,1582,687,275,856,610,1582
2024-09-10 22:39:55,13.294027090072632,10,0,-6390.399999999914,1538472876.085676,0,0,0,0,0,0,3191,0,0,161,90,102,172,0,10,294,831,375,1397,1113,294
2024-09-10 22:39:55,16.536628007888794,10,0,-6076.539999999777,10391882.007606506,0,0,0,0,0,0,3039,0,0,194,163,122,225,0,10,267,1260,192,523,1768,267
2024-09-10 22:39:55,19.673622131347656,10,0,-4791.259999999978,1067892.9614605904,0,0,0,0,0,0,2380,0,0,273,196,184,288,0,10,689,1233,884,586,618,689
2024-09-10 22:39:55,23.19886302947998,10,0,-4409.020000000149,209585.21983599663,0,0,0,0,0,0,2187,0,0,352,176,179,345,0,10,771,813,991,822,613,771
2024-09-10 22:39:55,26.384176015853882,10,0,-3134.5000000001473,70214.44402295351,0,0,0,0,0,0,1547,0,0,545,193,198,534,0,10,993,847,505,943,722,993
2024-09-10 22:39:55,29.45403504371643,10,0,-3432.1800000001267,95415.19559574127,0,0,0,0,0,0,1712,0,0,471,295,327,490,0,10,715,984,702,886,723,715
2024-09-10 22:39:55,32.53549003601074,10,0,-2984.1200000001277,82035.64446175098,0,0,0,0,0,0,1489,0,0,472,411,413,461,0,10,764,814,823,763,846,764
2024-09-10 22:39:55,36.15149688720703,10,0,-3098.200000000131,35957.91841799021,0,0,0,0,0,0,1543,0,0,459,346,375,495,0,10,792,882,748,872,716,792
2024-09-10 22:39:55,39.48154902458191,10,0,-2669.3200000000293,51266.87625318766,0,0,0,0,0,0,1327,0,0,516,393,386,512,0,10,876,1044,633,793,664,876
2024-09-10 22:39:55,42.780044078826904,10,0,-2930.360000000119,61020.00360620022,0,0,0,0,0,0,1461,0,0,315,553,566,327,0,10,788,633,1007,590,992,788
2024-09-10 22:39:55,46.58622217178345,10,0,-3414.3200000001357,79931.77970349789,0,0,0,0,0,0,1697,0,0,345,406,397,359,0,10,806,757,793,700,954,806
2024-09-10 22:39:55,50.262925148010254,10,0,-3107.7000000000985,76470.69392287731,0,0,0,0,0,0,1548,0,0,429,380,399,467,0,10,787,878,789,744,812,787
2024-09-10 22:39:55,53.89132905006409,10,0,-3184.1000000001777,49251.79506057501,0,0,0,0,0,0,1586,0,0,372,450,451,372,0,10,779,642,977,750,862,779
2024-09-10 22:39:55,57.619280099868774,10,0,-2273.960000000039,25662.013030797243,0,0,0,0,0,0,1131,0,0,598,348,406,619,0,10,908,850,815,786,651,908
2024-09-10 22:39:55,60.77796721458435,10,0,-1845.8799999999928,18731.532209843397,0,0,0,0,0,0,904,0,0,625,346,306,671,0,10,1158,907,537,812,596,1158
2024-09-10 22:39:55,63.9694390296936,10,0,-1712.1000000000022,13923.526112943888,0,0,0,0,0,0,847,0,0,629,456,428,617,0,10,1033,818,628,785,746,1033
2024-09-10 22:39:55,67.21162700653076,10,0,-1982.1200000000058,16302.223240971565,0,0,0,0,0,0,983,0,0,640,395,390,622,0,10,980,832,647,796,755,980
2024-09-10 22:39:55,70.43002104759216,10,0,-807.5999999999829,28411.4088280946,0,0,0,0,0,0,375,0,0,689,401,399,696,0,10,1450,771,494,799,496,1450
2024-09-10 22:39:55,73.58384013175964,10,0,-1842.7600000000082,16633.254193879664,0,0,0,0,0,0,921,0,0,529,557,580,535,0,10,888,705,845,755,817,888
2024-09-10 22:39:55,76.76016521453857,10,0,-2063.720000000029,22040.572477549314,0,0,0,0,0,0,1037,0,0,512,595,596,494,0,10,776,687,918,707,922,776
2024-09-10 22:39:55,79.99110984802246,10,0,-1586.980000000009,13839.321650199592,0,0,0,0,0,0,795,0,0,703,422,451,742,0,10,897,915,655,870,673,897
2024-09-10 22:39:55,83.1277289390564,10,0,-1220.7400000000275,11980.86296171695,0,0,0,0,0,0,613,0,0,831,395,427,811,0,10,933,956,622,953,546,933
2024-09-10 22:39:55,86.3236780166626,10,0,-1359.1600000000158,19450.53044977039,0,0,0,0,0,0,679,0,0,780,388,415,788,0,10,960,960,608,910,572,960
2024-09-10 22:39:55,89.75918316841125,10,0,-1576.240000000009,16529.68421880901,0,0,0,0,0,0,785,0,0,683,427,458,691,0,10,966,867,674,818,685,966
2024-09-10 22:39:55,93.10401320457458,10,0,-1487.1199999999978,14517.858443304896,0,0,0,0,0,0,735,0,0,598,529,524,566,0,10,1058,739,712,738,763,1058
2024-09-10 22:39:55,96.73761320114136,10,0,-1119.2800000000498,20147.939478676766,0,0,0,0,0,0,554,0,0,697,494,489,708,0,10,1068,854,607,838,643,1068
2024-09-10 22:39:55,100.18425512313843,10,0,-1021.2800000000342,15594.844375088811,0,0,0,0,0,0,512,0,0,729,512,539,738,0,10,980,871,687,825,647,980
2024-09-10 22:39:55,103.77400922775269,10,0,-1047.8000000000338,32987.24510409683,0,0,0,0,0,0,532,0,0,796,497,527,780,0,10,878,965,656,921,590,878
2024-09-10 22:39:55,107.07477498054504,10,0,-1352.0200000000264,13124.719440201297,0,0,0,0,0,0,686,0,0,688,587,586,656,0,10,807,806,778,864,755,807
2024-09-10 22:39:55,110.31262493133545,10,0,-1189.2600000000257,16595.8749496527,0,0,0,0,0,0,594,0,0,656,548,583,644,0,10,985,759,743,798,725,985
2024-09-10 22:39:55,113.49134421348572,10,0,-846.0000000000535,9586.555931784213,0,0,0,0,0,0,435,0,0,671,681,691,682,0,10,850,791,801,783,785,850
2024-09-10 22:39:55,116.63702988624573,10,0,-1301.320000000013,12440.468913000077,0,0,0,0,0,0,656,0,0,718,514,533,707,0,10,882,905,684,857,682,882
2024-09-10 22:39:55,119.80993413925171,10,0,-1283.9600000000157,25400.957159124315,0,0,0,0,0,0,642,0,0,625,583,573,625,0,10,962,795,748,806,699,962
2024-09-10 22:39:55,123.74981999397278,10,0,-1081.5000000000155,8450.91106787324,0,0,0,0,0,0,542,0,0,491,754,760,490,0,10,973,634,904,613,886,973
2024-09-10 22:39:55,126.98012804985046,10,0,-1095.8599999999997,14622.619756957516,0,0,0,0,0,0,543,0,0,552,651,656,547,0,10,1061,682,797,686,784,1061
2024-09-10 22:39:55,130.58888006210327,10,0,-1035.000000000014,13064.693456031382,0,0,0,0,0,0,519,0,0,605,631,657,622,0,10,976,766,769,753,746,976
2024-09-10 22:39:55,133.74141812324524,10,0,-1057.12000000003,16791.82627175376,0,0,0,0,0,0,526,0,0,754,468,478,752,0,10,1032,853,657,842,626,1032
2024-09-10 22:39:55,136.97684001922607,10,0,-1013.1000000000461,25483.710777098313,0,0,0,0,0,0,513,0,0,922,360,382,926,0,10,907,1022,546,1039,496,907
2024-09-10 22:39:55,140.09008526802063,10,0,-853.9600000000509,17639.93316112645,0,0,0,0,0,0,447,0,0,696,691,724,720,0,10,732,830,864,782,802,732
2024-09-10 22:39:55,143.29928922653198,10,0,-1064.9400000000282,10239.13874682784,0,0,0,0,0,0,531,0,0,739,496,498,731,0,10,1015,927,632,856,580,1015
2024-09-10 22:39:55,146.43262100219727,10,0,-668.7400000000573,11323.461172420532,0,0,0,0,0,0,349,0,0,892,524,509,899,0,10,837,964,614,948,647,837
2024-09-10 22:39:55,149.55168509483337,10,0,-732.0000000000248,21691.40830732044,0,0,0,0,0,0,361,0,0,694,565,614,662,0,10,1114,740,710,768,678,1114
2024-09-10 22:39:55,153.80294823646545,10,0,-1077.460000000006,13638.691669486463,0,0,0,0,0,0,537,0,0,580,644,634,598,0,10,1017,681,781,728,803,1017
2024-09-10 22:39:55,157.3683021068573,10,0,-795.7000000000287,9477.467590777203,0,0,0,0,0,0,403,0,0,690,632,635,693,0,10,957,784,746,773,750,957
2024-09-10 22:39:55,160.72648406028748,10,0,-764.0200000000841,20584.011033281684,0,0,0,0,0,0,378,0,0,577,691,688,581,0,10,1095,719,771,658,767,1095
2024-09-10 22:39:55,163.99707794189453,10,0,-1098.8000000000077,12703.08792608045,0,0,0,0,0,0,550,0,0,790,456,462,772,0,10,980,856,654,880,640,980
2024-09-10 22:39:55,167.26399111747742,10,0,-1110.14000000007,23416.759228814393,0,0,0,0,0,0,557,0,0,629,612,668,585,0,10,959,682,845,750,774,959
2024-09-10 22:39:55,171.26235008239746,10,0,-978.3400000000494,13320.834490047768,0,0,0,0,0,0,495,0,0,856,454,446,838,0,10,921,927,605,1019,538,921
2024-09-10 22:39:55,174.9555480480194,10,0,-560.2200000000555,13492.56385641452,0,0,0,0,0,0,270,0,0,766,492,498,771,0,10,1213,835,583,821,558,1213
2024-09-10 22:39:55,178.41295313835144,10,0,-862.7000000000684,15614.590048385784,0,0,0,0,0,0,439,0,0,793,550,541,776,0,10,911,840,699,867,693,911
2024-09-10 22:39:55,182.06614995002747,10,0,-925.2200000000124,13126.015169931576,0,0,0,0,0,0,461,0,0,691,561,542,718,0,10,1037,881,656,794,642,1037
2024-09-10 22:39:55,185.51311111450195,10,0,-1095.6000000000247,12725.402060929686,0,0,0,0,0,0,552,0,0,652,619,639,620,0,10,928,747,767,783,785,928
2024-09-10 22:39:55,189.08066987991333,10,0,-891.1000000000366,12164.842442519963,0,0,0,0,0,0,451,0,0,703,581,612,724,0,10,939,832,718,788,733,939
2024-09-10 22:39:55,192.26999807357788,10,0,-1134.979999999978,12399.433858525008,0,0,0,0,0,0,563,0,0,741,460,472,725,0,10,1049,918,604,840,599,1049
2024-09-10 22:39:55,195.5381510257721,10,0,-780.1200000000788,17288.553449163213,0,0,0,0,0,0,406,0,0,873,529,543,857,0,10,802,986,648,950,624,802
2024-09-10 22:39:55,198.6938009262085,10,0,-948.7200000000507,12932.776426587254,0,0,0,0,0,0,473,0,0,573,667,686,581,0,10,1030,678,859,654,789,1030
2024-09-10 22:39:55,201.89002919197083,10,0,-835.6400000000131,19774.39141303487,0,0,0,0,0,0,428,0,0,751,581,595,777,0,10,878,862,746,831,693,878
2024-09-10 22:39:55,205.1270751953125,10,0,-692.2600000000331,20895.06826804951,0,0,0,0,0,0,356,0,0,856,513,504,878,0,10,903,975,609,912,611,903
2024-09-10 22:39:55,208.29037308692932,10,0,-925.5200000000693,9273.248727841303,0,0,0,0,0,0,449,0,0,445,738,719,445,0,10,1214,616,805,534,841,1214
2024-09-10 22:39:55,211.43869304656982,10,0,-1025.8799999999928,17421.402785444632,0,0,0,0,0,0,510,0,0,665,569,550,674,0,10,1042,773,700,774,721,1042
2024-09-10 22:39:55,214.59461212158203,10,0,-1165.5799999999858,14515.910268321633,0,0,0,0,0,0,578,0,0,580,606,607,590,0,10,1049,720,778,683,780,1049
2024-09-10 22:39:55,217.89610290527344,10,0,-948.3000000000227,8607.465328838676,0,0,0,0,0,0,487,0,0,684,667,684,665,0,10,823,746,874,768,799,823
2024-09-10 22:39:55,221.23067998886108,10,0,-745.5000000000223,7696.579288158566,0,0,0,0,0,0,388,0,0,594,797,810,604,0,10,817,690,927,687,889,817
2024-09-10 22:39:55,225.14602184295654,10,0,-602.7400000000227,10964.01181047596,0,0,0,0,0,0,315,0,0,727,713,686,708,0,10,861,774,760,811,804,861
2024-09-10 22:39:55,228.74807596206665,10,0,-1023.6800000000167,8782.270654890686,0,0,0,0,0,0,514,0,0,675,603,603,647,0,10,968,772,782,740,748,968
2024-09-10 22:39:55,231.9070222377777,10,0,-930.580000000035,7605.862120334059,0,0,0,0,0,0,472,0,0,777,538,559,749,0,10,915,823,675,897,700,915
2024-09-10 22:39:55,235.15836000442505,10,0,-729.4200000000446,10293.581075921655,0,0,0,0,0,0,369,0,0,832,494,506,830,0,10,979,898,587,929,617,979
2024-09-10 22:39:55,238.4816918373108,10,0,-673.0600000000783,15891.084307046607,0,0,0,0,0,0,354,0,0,773,637,674,777,0,10,795,863,784,840,728,795
2024-09-10 22:39:55,241.6218822002411,10,0,-495.92000000005964,8881.299554137513,0,0,0,0,0,0,259,0,0,731,666,687,753,0,10,914,833,758,764,741,914
2024-09-10 22:39:55,244.78835010528564,10,0,-997.7800000000339,19797.364215917885,0,0,0,0,0,0,493,0,0,619,587,600,622,0,10,1089,724,744,780,673,1089
2024-09-10 22:39:55,248.07818603515625,10,0,-842.2200000000208,7683.547058019787,0,0,0,0,0,0,421,0,0,727,546,565,724,0,10,1027,783,711,854,635,1027
2024-09-10 22:39:55,251.252366065979,10,0,-835.360000000024,11533.18847873807,0,0,0,0,0,0,414,0,0,585,681,684,566,0,10,1080,662,764,710,794,1080
2024-09-10 22:39:55,254.51509189605713,10,0,-678.4200000000457,8044.415905529633,0,0,0,0,0,0,344,0,0,747,584,621,735,0,10,979,810,711,827,683,979
2024-09-10 22:39:55,257.78920817375183,10,0,-628.8000000000263,7352.814145838842,0,0,0,0,0,0,324,0,0,753,643,641,733,0,10,916,799,728,836,731,916
2024-09-10 22:39:55,261.02876019477844,10,0,-627.7200000000755,13550.959581271745,0,0,0,0,0,0,328,0,0,784,630,623,795,0,10,850,883,700,881,696,850
2024-09-10 22:39:55,264.3975160121918,10,0,-447.58000000003847,4667.0334488954395,0,0,0,0,0,0,234,0,0,672,745,750,676,0,10,933,738,804,730,805,933
2024-09-10 22:39:55,268.9239659309387,10,0,-687.6800000000591,10579.687075790018,0,0,0,0,0,0,325,0,0,615,544,562,642,0,10,1322,766,633,704,585,1322
2024-09-10 22:39:55,272.48211789131165,10,0,-655.4600000000275,9441.173643331975,0,0,0,0,0,0,344,0,0,875,553,563,860,0,10,815,933,670,929,663,815
2024-09-10 22:39:55,276.12615609169006,10,0,-584.6600000000738,9303.677635259926,0,0,0,0,0,0,306,0,0,638,755,784,664,0,10,863,734,875,716,822,863
2024-09-10 22:39:55,279.81346797943115,10,0,-698.0800000000571,13158.689077172428,0,0,0,0,0,0,371,0,0,842,608,624,839,0,10,726,894,734,910,746,726
2024-09-10 22:39:55,283.4041750431061,10,0,-791.0400000000877,9460.825392577797,0,0,0,0,0,0,413,0,0,721,691,685,722,0,10,778,795,828,800,809,778
2024-09-10 22:39:55,287.0451159477234,10,0,-645.7400000000664,18565.309383801185,0,0,0,0,0,0,345,0,0,688,762,779,705,0,10,731,790,882,744,863,731
2024-09-10 22:39:55,290.6779429912567,10,0,-644.2600000000505,9445.037464841269,0,0,0,0,0,0,323,0,0,636,679,684,647,0,10,1041,717,780,709,763,1041
2024-09-10 22:39:55,294.0997881889343,10,0,-770.0000000000637,19438.637928616256,0,0,0,0,0,0,374,0,0,720,488,520,712,0,10,1196,769,671,791,583,1196
2024-09-10 22:39:55,297.3382611274719,10,0,-719.3199999999895,17171.776983576827,0,0,0,0,0,0,346,0,0,567,662,646,547,0,10,1242,611,735,670,752,1242
2024-09-10 22:39:55,300.5610408782959,10,0,-452.0000000000845,24334.0008786479,0,0,0,0,0,0,235,0,0,821,588,633,783,0,10,950,814,693,905,648,950
2024-09-10 22:39:55,303.86260199546814,10,0,-618.7200000000533,9363.055879864842,0,0,0,0,0,0,324,0,0,557,845,870,570,0,10,844,682,924,629,931,844
2024-09-10 22:39:55,307.24795293807983,10,0,-866.2200000000603,18204.130554476753,0,0,0,0,0,0,455,0,0,1070,355,340,1087,0,10,703,1178,480,1155,494,703
2024-09-10 22:39:55,310.7412910461426,10,0,-629.4800000000175,5161.07535525877,0,0,0,0,0,0,329,0,0,757,655,662,759,0,10,848,841,759,835,727,848
2024-09-10 22:39:55,314.02590322494507,10,0,-663.6400000000255,6285.166721591726,0,0,0,0,0,0,336,0,0,616,721,737,610,0,10,990,682,821,691,826,990
2024-09-10 22:39:55,317.33386611938477,10,0,-726.8200000000292,13428.98888662085,0,0,0,0,0,0,361,0,0,539,746,752,535,0,10,1077,622,844,649,818,1077
2024-09-10 22:39:55,320.8367049694061,10,0,-640.8200000000285,6085.642535094172,0,0,0,0,0,0,315,0,0,763,510,519,770,0,10,1133,841,605,863,568,1133
2024-09-10 22:39:55,324.4283411502838,10,0,-675.5800000000777,11328.69318524748,0,0,0,0,0,0,354,0,0,645,764,778,656,0,10,813,744,880,735,838,813
2024-09-10 22:39:55,327.79551005363464,10,0,-710.8800000000344,6644.073198249564,0,0,0,0,0,0,356,0,0,568,757,741,552,0,10,1036,619,856,639,860,1036
2024-09-10 22:39:55,331.30193519592285,10,0,-691.6199999999993,5919.132193766534,0,0,0,0,0,0,341,0,0,600,658,685,609,0,10,1117,721,757,676,739,1117
2024-09-10 22:39:55,335.0658669471741,10,0,-420.22000000003607,9692.233231281862,0,0,0,0,0,0,235,0,0,886,645,638,883,0,10,723,926,700,967,694,723
2024-09-10 22:39:55,338.40507912635803,10,0,-677.8400000000638,5172.165881715715,0,0,0,0,0,0,349,0,0,831,559,562,807,0,10,902,895,660,909,644,902
2024-09-10 22:39:55,341.7469198703766,10,0,-687.8800000000646,12577.116321850568,0,0,0,0,0,0,345,0,0,670,644,681,638,0,10,1032,761,753,758,706,1032
2024-09-10 22:39:55,345.34368801116943,10,0,-539.8600000000264,8383.088868182153,0,0,0,0,0,0,292,0,0,806,690,682,793,0,10,747,856,763,883,761,747
2024-09-10 22:39:55,348.67936992645264,10,0,-638.5799999999957,7915.938844581135,0,0,0,0,0,0,308,0,0,650,586,589,658,0,10,1219,716,670,714,691,1219
2024-09-10 22:39:55,351.99574303627014,10,0,-563.9000000000565,7889.80835928116,0,0,0,0,0,0,295,0,0,788,630,619,803,0,10,875,888,709,835,703,875
2024-09-10 22:39:55,355.40037298202515,10,0,-497.0800000000435,9599.500003457535,0,0,0,0,0,0,277,0,0,841,697,701,834,0,10,660,891,793,888,778,660
2024-09-10 22:39:55,359.196053981781,10,0,-546.3600000000114,15524.924697925337,0,0,0,0,0,0,298,0,0,757,726,766,757,0,10,706,842,860,810,792,706
2024-09-10 22:39:55,362.51529598236084,10,0,-477.2400000000576,18911.335840091575,0,0,0,0,0,0,260,0,0,904,625,581,874,0,10,766,948,638,974,684,766
2024-09-10 22:39:55,366.24553298950195,10,0,-601.2599999999761,17297.961049072444,0,0,0,0,0,0,307,0,0,807,577,566,786,0,10,967,864,678,886,615,967
2024-09-10 22:39:55,369.42703318595886,10,0,-706.8399999999858,26901.671958411112,0,0,0,0,0,0,358,0,0,919,403,420,932,0,10,978,1030,549,991,462,978
2024-09-10 22:39:55,372.60086822509766,10,0,-644.4600000000435,3793.875269948039,0,0,0,0,0,0,343,0,0,835,630,628,823,0,10,751,897,723,919,720,751
2024-09-10 22:39:55,376.17931509017944,10,0,-600.5200000000541,31090.972799756564,0,0,0,0,0,0,296,0,0,747,543,536,766,0,10,1122,840,613,803,632,1122
2024-09-10 22:39:55,379.6841778755188,10,0,-796.5800000000473,6933.3834939245135,0,0,0,0,0,0,393,0,0,725,520,526,737,0,10,1109,824,656,802,619,1109
2024-09-10 22:39:55,383.2042272090912,10,0,-729.9200000000374,6077.578192735091,0,0,0,0,0,0,370,0,0,793,557,557,765,0,10,968,860,694,863,625,968
2024-09-10 22:39:55,386.80844283103943,10,0,-854.1400000000745,12277.989254062064,0,0,0,0,0,0,451,0,0,832,609,619,824,0,10,675,997,714,940,684,675
2024-09-10 22:39:55,390.402419090271,10,0,-878.5400000000107,3964.749008251354,0,0,0,0,0,0,448,0,0,709,617,617,726,0,10,893,837,713,805,762,893
2024-09-10 22:39:55,394.1400730609894,10,0,-719.300000000062,6145.0749559774995,0,0,0,0,0,0,365,0,0,776,582,551,771,0,10,965,844,649,857,695,965
2024-09-10 22:39:55,398.0628271102905,10,0,-893.540000000069,8661.1593519561,0,0,0,0,0,0,464,0,0,772,626,636,745,0,10,767,813,801,854,775,767
2024-09-10 22:39:55,401.29466915130615,10,0,-411.2200000000198,3208.252833470702,0,0,0,0,0,0,224,0,0,896,600,606,865,0,10,819,907,677,955,652,819
2024-09-10 22:39:55,404.47075724601746,10,0,-769.620000000021,8060.517198853195,0,0,0,0,0,0,385,0,0,589,671,709,623,0,10,1033,716,827,679,755,1033
2024-09-10 22:39:55,407.74861907958984,10,0,-753.200000000068,6136.933184747584,0,0,0,0,0,0,395,0,0,788,621,639,797,0,10,770,909,749,861,721,770
2024-09-10 22:39:55,411.07759404182434,10,0,-626.0200000000689,7519.297038489953,0,0,0,0,0,0,333,0,0,922,540,550,900,0,10,765,961,675,972,637,765
2024-09-10 22:39:55,414.2816729545593,10,0,-581.9600000000621,13815.503766377456,0,0,0,0,0,0,316,0,0,625,839,861,671,0,10,698,734,973,676,929,698
2024-09-10 22:39:55,418.0792520046234,10,0,-443.6400000000426,5783.557446708903,0,0,0,0,0,0,232,0,0,737,667,691,749,0,10,934,806,750,767,753,934
2024-09-10 22:39:55,421.5445499420166,10,0,-452.2600000000532,3635.2505288729444,0,0,0,0,0,0,254,0,0,956,589,586,950,0,10,675,997,658,998,682,675
2024-09-10 22:39:55,425.49257922172546,10,0,-578.9800000000397,14982.373274113983,0,0,0,0,0,0,312,0,0,858,639,640,826,0,10,735,876,752,914,733,735
2024-09-10 22:39:55,428.67715311050415,10,0,-404.7200000000355,2707.87550161127,0,0,0,0,0,0,218,0,0,610,865,856,601,0,10,860,662,923,668,897,860
2024-09-10 22:39:55,431.97791481018066,10,0,-724.300000000082,6797.533458752558,0,0,0,0,0,0,382,0,0,694,741,736,704,0,10,753,781,881,768,827,753
2024-09-10 22:39:55,435.2879581451416,10,0,-516.34000000005,2948.852588834241,0,0,0,0,0,0,271,0,0,753,682,695,724,0,10,885,791,767,794,773,885
2024-09-10 22:39:55,438.4733819961548,10,0,-671.1800000000577,5178.967616127804,0,0,0,0,0,0,355,0,0,793,633,693,769,0,10,767,819,833,841,750,767
2024-09-10 22:39:55,442.2856230735779,10,0,-852.7000000000392,5592.621743099764,0,0,0,0,0,0,447,0,0,940,477,489,934,0,10,723,1051,637,1049,550,723
2024-09-10 22:39:55,445.77531814575195,10,0,-554.060000000055,3664.4180543292314,0,0,0,0,0,0,305,0,0,973,537,570,966,0,10,659,1042,651,1058,600,659
2024-09-10 22:39:55,449.25624084472656,10,0,-695.200000000036,15522.728734797332,0,0,0,0,0,0,363,0,0,908,497,498,922,0,10,822,1014,616,978,580,822
2024-09-10 22:39:55,452.92843294143677,10,0,-472.960000000068,4735.9111748668365,0,0,0,0,0,0,266,0,0,882,639,650,925,0,10,648,980,745,926,711,648
2024-09-10 22:39:55,456.43477511405945,10,0,-594.9200000000617,4188.269345317502,0,0,0,0,0,0,317,0,0,653,800,807,657,0,10,776,722,915,710,887,776
2024-09-10 22:39:55,459.9432420730591,10,0,-523.3200000000702,4709.497237054631,0,0,0,0,0,0,283,0,0,705,762,796,704,0,10,760,763,879,754,854,760
2024-09-10 22:39:55,463.36456513404846,10,0,-625.4600000000517,6867.7564882477745,0,0,0,0,0,0,326,0,0,672,728,758,663,0,10,863,731,870,735,811,863
2024-09-10 22:39:55,467.11346197128296,10,0,-479.7400000000874,4537.2661661291495,0,0,0,0,0,0,258,0,0,830,643,655,811,0,10,813,862,762,868,705,813
2024-09-10 22:39:55,470.8891429901123,10,0,-648.960000000072,6130.505364213139,0,0,0,0,0,0,338,0,0,784,638,641,753,0,10,856,825,727,884,718,856
2024-09-10 22:39:55,474.32292795181274,10,0,-591.7600000000663,6238.779290202074,0,0,0,0,0,0,309,0,0,651,760,765,655,0,10,870,750,843,707,840,870
2024-09-10 22:39:55,477.63035106658936,10,0,-455.64000000005643,6021.896755907685,0,0,0,0,0,0,256,0,0,865,690,695,834,0,10,670,899,766,904,771,670
2024-09-10 22:39:55,481.1415739059448,10,0,-542.5400000000558,10715.588503144216,0,0,0,0,0,0,294,0,0,920,566,572,921,0,10,737,977,675,981,640,737
2024-09-10 22:39:55,484.7855911254883,10,0,-758.8000000000723,10661.09357574489,0,0,0,0,0,0,402,0,0,856,588,598,858,0,10,708,959,695,937,711,708
2024-09-10 22:39:55,488.5882911682129,10,0,-352.3000000000295,3406.470070792362,0,0,0,0,0,0,205,0,0,718,839,857,716,0,10,675,773,905,780,877,675
2024-09-10 22:39:55,492.51942706108093,10,0,-747.4200000000498,8413.908778342418,0,0,0,0,0,0,391,0,0,716,681,715,720,0,10,787,784,838,810,791,787
2024-09-10 22:39:55,497.05810618400574,10,0,-589.4200000000574,4688.825366647448,0,0,0,0,0,0,320,0,0,837,666,653,841,0,10,693,927,738,909,743,693
2024-09-10 22:39:55,500.9378979206085,10,0,-468.520000000065,8560.1061066119,0,0,0,0,0,0,256,0,0,750,754,773,715,0,10,762,760,834,836,818,762
2024-09-10 22:39:55,505.33215594291687,10,0,-443.5400000000459,4855.460822548252,0,0,0,0,0,0,229,0,0,691,694,727,692,0,10,977,754,790,755,734,977
2024-09-10 22:39:55,509.486967086792,10,0,-661.1000000000356,16376.751619379036,0,0,0,0,0,0,348,0,0,707,716,777,665,0,10,797,733,903,772,805,797
2024-09-10 22:39:55,514.4310421943665,10,0,-425.88000000003774,4658.763164364733,0,0,0,0,0,0,227,0,0,543,911,928,521,0,10,880,572,993,595,970,880
2024-09-10 22:39:55,518.1874580383301,10,0,-597.7000000000507,5371.362620609812,0,0,0,0,0,0,322,0,0,902,591,592,880,0,10,723,994,689,961,643,723
2024-09-10 22:39:55,522.6573150157928,10,0,-737.1600000000617,4203.321911077015,0,0,0,0,0,0,394,0,0,763,686,719,778,0,10,670,863,877,840,760,670
2024-09-10 22:39:55,527.1231670379639,10,0,-696.4200000000623,4187.825769596733,0,0,0,0,0,0,352,0,0,508,831,825,503,0,10,991,593,920,599,907,991
2024-09-10 22:39:55,532.3141529560089,10,0,-725.0600000000198,5348.60624024272,0,0,0,0,0,0,367,0,0,605,735,720,606,0,10,977,713,806,710,804,977
2024-09-10 22:39:55,536.3243050575256,10,0,-692.7000000000733,5850.571637457702,0,0,0,0,0,0,372,0,0,767,714,705,779,0,10,673,879,798,836,824,673
2024-09-10 22:39:55,540.1180338859558,10,0,-516.5600000000322,3566.911890446674,0,0,0,0,0,0,279,0,0,766,713,713,769,0,10,770,830,764,824,822,770
2024-09-10 22:39:55,544.1743171215057,10,0,-585.6400000000413,4700.445137924049,0,0,0,0,0,0,320,0,0,902,606,623,893,0,10,666,961,729,975,679,666
2024-09-10 22:39:55,548.3555572032928,10,0,-491.6600000000419,4374.070146433543,0,0,0,0,0,0,267,0,0,787,716,716,757,0,10,767,815,785,844,799,767
2024-09-10 22:39:55,552.3709561824799,10,0,-686.6800000000632,4107.805383355357,0,0,0,0,0,0,351,0,0,782,593,626,722,0,10,936,825,712,850,687,936
2024-09-10 22:39:55,556.2047550678253,10,0,-903.8000000000204,6014.0084932604805,0,0,0,0,0,0,461,0,0,620,720,711,614,0,10,884,708,849,759,810,884
2024-09-10 22:39:55,560.2587058544159,10,0,-816.720000000025,6869.559378365055,0,0,0,0,0,0,426,0,0,723,693,686,710,0,10,772,773,826,895,744,772
2024-09-10 22:39:55,564.4845068454742,10,0,-803.4200000000269,4901.942121338099,0,0,0,0,0,0,412,0,0,686,695,680,656,0,10,881,741,807,794,787,881
2024-09-10 22:39:55,568.6813850402832,10,0,-816.7800000000584,5065.133874416351,0,0,0,0,0,0,418,0,0,639,693,717,654,0,10,889,771,816,741,793,889
2024-09-10 22:39:55,572.4985020160675,10,0,-501.54000000004675,3085.030330522917,0,0,0,0,0,0,268,0,0,843,591,627,858,0,10,823,910,713,896,668,823
2024-09-10 22:39:55,576.8567569255829,10,0,-746.5400000000438,3789.155499143526,0,0,0,0,0,0,387,0,0,709,642,665,768,0,10,839,879,798,776,718,839
2024-09-10 22:39:55,580.8058381080627,10,0,-703.5600000000368,5001.36006382294,0,0,0,0,0,0,359,0,0,807,538,558,808,0,10,940,878,688,875,629,940
2024-09-10 22:39:55,584.9066259860992,10,0,-781.3400000000526,3867.6830063480884,0,0,0,0,0,0,402,0,0,654,699,737,649,0,10,869,691,883,790,777,869
2024-09-10 22:39:55,589.3877041339874,10,0,-643.4800000000531,3596.9040351789445,0,0,0,0,0,0,336,0,0,676,713,751,688,0,10,846,738,836,781,809,846
2024-09-10 22:39:55,593.4896938800812,10,0,-647.9200000000419,3111.8587693348527,0,0,0,0,0,0,332,0,0,711,650,668,713,0,10,936,798,735,791,750,936
2024-09-10 22:39:55,597.2825410366058,10,0,-698.5600000000389,4079.2777152126655,0,0,0,0,0,0,363,0,0,788,608,616,789,0,10,846,850,728,880,706,846
2024-09-10 22:39:55,601.4862260818481,10,0,-657.5399999999973,4309.155525473878,0,0,0,0,0,0,335,0,0,710,631,639,734,0,10,961,810,731,811,697,961
2024-09-10 22:39:55,605.3838939666748,10,0,-549.5200000000732,4796.343821737915,0,0,0,0,0,0,292,0,0,733,701,723,745,0,10,816,797,810,829,758,816
2024-09-10 22:39:55,609.9961500167847,10,0,-838.2600000000589,8459.431005626917,0,0,0,0,0,0,424,0,0,656,659,696,620,0,10,955,787,806,735,727,955
2024-09-10 22:39:55,614.1872901916504,10,0,-807.2600000000093,8234.294137950987,0,0,0,0,0,0,404,0,0,451,841,859,430,0,10,1025,604,923,518,940,1025
2024-09-10 22:39:55,618.0267930030823,10,0,-570.780000000055,2302.6455700406805,0,0,0,0,0,0,304,0,0,798,664,667,784,0,10,793,835,732,867,783,793
2024-09-10 22:39:55,622.3560900688171,10,0,-524.0600000000525,2331.945029736962,0,0,0,0,0,0,280,0,0,878,568,582,893,0,10,809,952,668,921,660,809
2024-09-10 22:39:55,627.0138440132141,10,0,-501.76000000004757,1245.731779514812,0,0,0,0,0,0,248,0,0,779,543,529,795,0,10,1116,862,582,812,638,1116
2024-09-10 22:39:55,630.9650750160217,10,0,-529.380000000079,2060.5040602860972,0,0,0,0,0,0,259,0,0,530,749,738,581,0,10,1153,622,817,600,818,1153
2024-09-10 22:39:55,635.05140209198,10,0,-504.3200000000844,1775.1143474518321,0,0,0,0,0,0,259,0,0,760,624,606,787,0,10,974,840,682,838,676,974
2024-09-10 22:39:55,638.729168176651,10,0,-793.940000000038,5362.296255095862,0,0,0,0,0,0,402,0,0,648,674,701,626,0,10,959,724,798,727,802,959
2024-09-10 22:39:55,642.7064809799194,10,0,-444.9400000000719,452.0069046318531,0,0,0,0,0,0,243,0,0,770,702,740,772,0,10,783,812,792,823,800,783
2024-09-10 22:39:55,647.3741581439972,10,0,-437.4600000000579,2209.050891525112,0,0,0,0,0,0,230,0,0,717,712,713,719,0,10,919,771,785,768,767,919
2024-09-10 22:39:55,651.8180999755859,10,0,-516.2000000000459,3457.529034930747,0,0,0,0,0,0,271,0,0,820,617,582,836,0,10,884,920,644,868,694,884
2024-09-10 22:39:55,656.1652958393097,10,0,-244.33999999998474,1058.0544574493542,0,0,0,0,0,0,147,0,0,755,812,811,736,0,10,749,768,844,809,840,749
2024-09-10 22:39:55,660.0502800941467,10,0,-607.0400000000507,3614.1369928726926,0,0,0,0,0,0,318,0,0,727,700,701,716,0,10,848,807,802,799,754,848
2024-09-10 22:39:55,664.3068749904633,10,0,-453.5800000000438,1863.8837327249348,0,0,0,0,0,0,239,0,0,672,769,741,686,0,10,903,744,797,747,819,903
2024-09-10 22:39:55,668.1855540275574,10,0,-485.20000000005234,1202.1233382876962,0,0,0,0,0,0,258,0,0,803,674,650,773,0,10,852,828,714,876,740,852
2024-09-10 22:39:55,671.9988942146301,10,0,-523.6600000000808,2646.6116198920645,0,0,0,0,0,0,282,0,0,706,752,768,725,0,10,777,812,884,760,777,777
2024-09-10 22:39:55,675.8730220794678,10,0,-387.9800000000323,989.1804220806807,0,0,0,0,0,0,217,0,0,807,721,703,807,0,10,755,855,767,865,768,755
2024-09-10 22:39:55,679.7404780387878,10,0,-337.86000000002775,1148.0200586877763,0,0,0,0,0,0,196,0,0,624,916,932,639,0,10,703,692,989,670,956,703
2024-09-10 22:39:55,683.6188259124756,10,0,-465.9400000000744,1265.0056677977555,0,0,0,0,0,0,257,0,0,623,877,899,625,0,10,729,705,970,683,923,729
2024-09-10 22:39:55,688.0370790958405,10,0,-600.3600000000176,1516.8205860578455,0,0,0,0,0,0,322,0,0,765,738,692,751,0,10,742,806,748,852,862,742
2024-09-10 22:39:55,691.853679895401,10,0,-424.4000000000404,714.2122250930406,0,0,0,0,0,0,219,0,0,781,638,603,783,0,10,986,829,694,818,683,986
2024-09-10 22:39:55,695.9875819683075,10,0,-517.4200000001107,1604.9129920890555,0,0,0,0,0,0,274,0,0,723,728,715,721,0,10,849,796,786,774,805,849
2024-09-10 22:39:55,700.2480521202087,10,0,-458.620000000008,1436.1931330817752,0,0,0,0,0,0,253,0,0,870,651,608,893,0,10,735,949,716,903,707,735
2024-09-10 22:39:55,704.5262269973755,10,0,-464.0400000000053,948.6319250634406,0,0,0,0,0,0,256,0,0,613,888,896,627,0,10,730,688,947,702,943,730
2024-09-10 22:39:55,708.4456379413605,10,0,-361.34000000004767,462.30151212005876,0,0,0,0,0,0,206,0,0,777,797,762,743,0,10,725,783,821,828,853,725
2024-09-10 22:39:55,712.2204191684723,10,0,-375.00000000007276,357.08240825124085,0,0,0,0,0,0,214,0,0,694,863,829,704,0,10,706,731,880,788,905,706
2024-09-10 22:39:55,716.111170053482,10,0,-242.39999999997872,514.597600533627,0,0,0,0,0,0,149,0,0,886,717,701,851,0,10,706,880,747,916,761,706
2024-09-10 22:39:55,720.1411600112915,10,0,-297.49999999997584,679.8978574385401,0,0,0,0,0,0,178,0,0,809,749,779,818,0,10,677,858,831,845,799,677
2024-09-10 22:39:55,723.9718451499939,10,0,-211.759999999996,346.6289973887615,0,0,0,0,0,0,137,0,0,840,767,787,817,0,10,662,854,825,867,802,662
2024-09-10 22:57:40,3.027055025100708,10,0,-626.8800000000758,1919.4237975434517,0,0,0,0,0,0,328,0,0,618,805,782,633,0,10,844,724,846,717,879,844
2024-09-10 22:57:40,5.762671947479248,10,0,-400.5000000000249,554.7922878981335,0,0,0,0,0,0,216,0,0,604,861,866,604,0,10,859,647,949,656,899,859
2024-09-10 22:57:40,8.806455850601196,10,0,-222.07999999998378,212.97583676036447,0,0,0,0,0,0,147,0,0,833,818,801,821,0,10,590,853,847,868,852,590
2024-09-10 22:57:40,12.322409868240356,10,0,-258.41999999995477,328.61189934273716,0,0,0,0,0,0,162,0,0,833,805,792,787,0,10,631,817,837,868,857,631
2024-09-10 22:57:40,15.881364822387695,10,0,-241.3999999999724,269.1442032486666,0,0,0,0,0,0,154,0,0,810,798,796,826,0,10,626,871,827,846,840,626
2024-09-10 22:57:40,19.74207305908203,10,0,-257.2399999999686,263.77425523422426,0,0,0,0,0,0,163,0,0,897,746,709,887,0,10,608,925,757,935,785,608
2024-09-10 22:57:40,23.086689949035645,10,0,-318.72000000002,261.3052334871609,0,0,0,0,0,0,186,0,0,787,761,772,792,0,10,712,853,826,828,791,712
2024-09-10 22:57:40,26.546962022781372,10,0,-299.6199999999958,196.708312115632,0,0,0,0,0,0,166,0,0,668,821,833,655,0,10,867,695,882,706,860,867
2024-09-10 22:57:40,30.705113887786865,10,0,-213.73999999997642,137.87711123283952,0,0,0,0,0,0,146,0,0,939,737,724,919,0,10,545,944,758,979,784,545
2024-09-10 22:57:40,34.066835165023804,10,0,-245.65999999996197,73.09127021787572,0,0,0,0,0,0,174,0,0,958,774,746,993,0,10,365,1024,792,1004,825,365
2024-09-10 22:57:40,37.36659908294678,10,0,-184.46000000000052,72.17775550339138,0,0,0,0,0,0,137,0,0,884,789,808,925,0,10,467,969,846,909,819,467
2024-09-10 22:57:40,41.03587007522583,10,0,-177.73999999998506,42.438839939190075,0,0,0,0,0,0,144,0,0,807,950,958,834,0,10,317,868,997,850,978,317
2024-09-10 22:57:40,44.59388089179993,10,0,-159.5999999999837,55.37290694816329,0,0,0,0,0,0,136,0,0,857,923,922,868,0,10,304,902,950,902,952,304
2024-09-10 22:57:40,47.880542039871216,10,0,-165.15999999999713,40.50056931095605,0,0,0,0,0,0,139,0,0,803,973,986,809,0,10,300,840,1008,848,1014,300
2024-09-10 22:57:40,51.27780199050903,10,0,-204.03999999997222,26.634857975208433,0,0,0,0,0,0,163,0,0,953,849,847,970,0,10,228,1004,891,999,888,228
2024-09-10 22:57:40,54.98610281944275,10,0,-230.11999999996166,85.7408381919231,0,0,0,0,0,0,167,0,0,890,837,869,891,0,10,356,930,924,926,874,356
2024-09-10 22:57:40,58.6401629447937,10,0,-198.45999999997736,36.628838891188934,0,0,0,0,0,0,158,0,0,908,878,874,931,0,10,261,973,916,939,921,261
2024-09-10 22:57:40,62.260998010635376,10,0,-167.53999999999428,31.527721577935154,0,0,0,0,0,0,139,0,0,817,971,975,791,0,10,317,834,1000,859,1000,317
2024-09-10 22:57:40,66.01307201385498,10,0,-121.1200000000057,11.455576825926983,0,0,0,0,0,0,124,0,0,825,1003,1031,823,0,10,204,848,1056,859,1043,204
2024-09-10 22:57:40,69.66550493240356,10,0,-117.96000000000575,30.513839519242538,0,0,0,0,0,0,123,0,0,934,895,899,963,0,10,196,994,932,962,926,196
2024-09-10 22:57:40,73.54185318946838,10,0,-156.28000000000102,9.010559467154962,0,0,0,0,0,0,140,0,0,776,1067,1057,748,0,10,222,782,1088,820,1098,222
2024-09-10 22:57:40,77.25763392448425,10,0,-179.83999999999327,16.342544012697545,0,0,0,0,0,0,151,0,0,844,961,973,851,0,10,230,889,1020,876,995,230
2024-09-10 22:57:40,80.79510998725891,10,0,-201.33999999996269,9.282623710088956,0,0,0,0,0,0,166,0,0,972,872,868,967,0,10,165,1014,908,1013,910,165
2024-09-10 22:57:40,84.23268294334412,10,0,-141.5600000000053,5.469747167457172,0,0,0,0,0,0,138,0,0,914,942,937,933,0,10,146,965,973,952,974,146
2024-09-10 22:57:40,88.11457085609436,10,0,-158.13999999999413,17.286169966477246,0,0,0,0,0,0,144,0,0,893,973,960,863,0,10,177,907,981,934,1011,177
2024-09-10 22:57:40,91.53016400337219,10,0,-102.72000000001142,10.53943012194577,0,0,0,0,0,0,118,0,0,838,1036,988,870,0,10,160,896,1019,868,1067,160
2024-09-10 22:57:40,95.05056595802307,10,0,-161.1399999999962,18.526090103590832,0,0,0,0,0,0,143,0,0,913,900,917,924,0,10,213,961,953,946,937,213
2024-09-10 22:57:40,98.67112803459167,10,0,-155.999999999991,5.86496004401306,0,0,0,0,0,0,147,0,0,913,944,948,940,0,10,118,982,990,947,973,118
2024-09-10 22:57:40,101.9971239566803,10,0,-151.25999999999453,9.379474558267248,0,0,0,0,0,0,142,0,0,946,886,910,969,0,10,157,1012,943,982,916,157
2024-09-10 22:57:40,105.41244006156921,10,0,-199.79999999998608,4.507967172376084,0,0,0,0,0,0,166,0,0,866,978,984,862,0,10,154,915,1019,906,1016,154
2024-09-10 22:57:40,109.0845239162445,10,0,-123.16000000001868,4.342423099697044,0,0,0,0,0,0,132,0,0,960,918,935,963,0,10,102,993,970,992,953,102
2024-09-10 22:57:40,113.09079790115356,10,0,-197.11999999997977,4.751304898165472,0,0,0,0,0,0,164,0,0,813,1043,995,831,0,10,164,888,1021,866,1071,164
2024-09-10 22:57:40,116.71798706054688,10,0,-104.0800000000011,13.908654420261882,0,0,0,0,0,0,114,0,0,855,992,960,861,0,10,228,886,986,890,1020,228
2024-09-10 22:57:40,120.40856790542603,10,0,-189.13999999997156,9.261506491970067,0,0,0,0,0,0,157,0,0,727,1100,1096,721,0,10,209,776,1116,771,1138,209
2024-09-10 22:57:40,123.64179706573486,10,0,-108.58000000000217,1.985802273331501,0,0,0,0,0,0,123,0,0,958,907,920,973,0,10,129,1003,957,980,941,129
2024-09-10 22:57:40,126.90381097793579,10,0,-167.82000000000335,2.835846259353275,0,0,0,0,0,0,153,0,0,814,1076,1082,770,0,10,115,807,1115,856,1117,115
2024-09-10 22:57:40,131.12811517715454,10,0,-131.26000000000664,2.513753482606262,0,0,0,0,0,0,130,0,0,933,929,916,913,0,10,189,944,953,958,966,189
2024-09-10 22:57:40,134.57637810707092,10,0,-190.0999999999716,2.7760507203238376,0,0,0,0,0,0,162,0,0,848,1020,1018,819,0,10,143,867,1056,888,1056,143
2024-09-10 22:57:40,138.00720191001892,10,0,-168.2799999999916,2.19630532953488,0,0,0,0,0,0,150,0,0,982,853,857,1006,0,10,162,1032,899,1022,895,162
2024-09-10 22:57:40,141.5995581150055,10,0,-115.1800000000161,5.772170503536472,0,0,0,0,0,0,125,0,0,879,997,974,888,0,10,147,919,1005,912,1027,147
